frame_id,frame_capture_time_s,command_issue_time_s,tick,pat_state,candidate_count,components_found,centroid_x_px,centroid_y_px,candidate_score,filtered_azimuth_rad,filtered_elevation_rad,filtered_azimuth_rate_rad_s,filtered_elevation_rate_rad_s,pid_pan_correction_rad,pid_tilt_correction_rad,command_id,commanded_pan_rad,commanded_tilt_rad,measured_pan_rad,measured_tilt_rad,measured_pan_rate_rad_s,measured_tilt_rate_rad_s,pan_saturation,tilt_saturation,consecutive_misses,search_waypoint_index,host_world_step_ms,host_sensor_frame_ms,host_algorithm_ms,host_detector_ms,host_bearing_transform_ms,host_estimator_ms,host_controller_ms,host_orchestration_ms
0,0,0,0,scan,1,1,4.2554634540004611e+2,1.6085001152870649e+2,3.1518895348837211e-1,,,,,,,0,-5.2359877559829882e-1,-8.7266462599716474e-2,0,0,0,0,none,none,0,0,2.8124999999931788e-2,1.2921250000000555e+0,1.9529590000000780e+0,1.4366670000000568e+0,8.2208999999920707e-2,,5.3249999999934516e-2,3.9345799999978226e-1
1,1.6666666666666666e-2,2.0000000000000000e-2,4,track,1,1,4.2554634540004611e+2,1.6085001152870649e+2,3.1518895348837211e-1,3.4652897370424540e-2,2.5975420968078096e-2,0,0,0,0,1,-5.2359877559829882e-1,-8.7266462599716474e-2,0,0,0,0,none,none,0,0,1.1415999999940141e-2,2.2858299999995779e-1,2.2621659999999792e+0,1.9836659999999711e+0,6.4170000000558503e-3,5.0959000000034393e-2,,9.1376000000082058e-2
2,3.3333333333333333e-2,3.5000000000000003e-2,7,track,1,1,4.2554634540004611e+2,1.6085001152870649e+2,3.1518895348837211e-1,3.4652897370424540e-2,2.5975420968078096e-2,0,0,1.9261235455060977e-2,1.4438004821423409e-2,2,1.9261235455060977e-2,1.4438004821423409e-2,0,0,0,0,none,none,0,,1.2749999999982720e-2,2.0829199999991488e-1,2.7305830000000242e+0,1.9867079999999078e+0,8.1250000000636646e-3,5.4091700000003584e-1,8.5459000000014385e-2,1.0520800000006147e-1
3,5.0000000000000003e-2,5.0000000000000003e-2,10,track,1,1,4.2872509225092250e+2,1.5852698339483396e+2,3.1026833631484796e-1,3.4647814043177405e-2,2.6038742827617322e-2,-3.0488930764745306e-4,3.7979372519192588e-3,2.0258229360954096e-2,1.5170311725166788e-2,3,1.9211031360954096e-2,1.4472179725166788e-2,-1.0471980000000001e-3,-6.9813199999999996e-4,-1.0471979999999992e-1,-6.9813199999999936e-2,none,none,0,,8.8339999999789143e-3,1.3224999999999909e-1,2.2879999999998972e+0,2.1909590000000208e+0,5.7909999999310457e-3,2.6499999999941792e-2,9.0000000000145519e-3,5.9166000000118402e-2
4,6.6666666666666666e-2,7.0000000000000007e-2,14,track,1,1,4.3413466420493882e+2,1.5445730440803138e+2,3.2505626406601651e-1,3.4669969636015097e-2,2.5997465138577099e-2,6.7580140466280345e-4,3.2579957316804416e-5,2.2043633291405355e-2,1.6465724472114987e-2,4,1.8902039291405354e-2,1.4196795472114988e-2,-3.1415939999999997e-3,-2.2689289999999998e-3,-1.0471979999999992e-1,-6.9813199999999909e-2,none,none,0,,2.7499999999918145e-3,1.1245800000006057e-1,1.4788340000000062e+0,1.3812500000000227e+0,5.3749999999581632e-3,4.3667000000027656e-2,6.4579999999523352e-3,5.0707999999985987e-2
5,8.3333333333333329e-2,8.5000000000000006e-2,17,track,1,1,4.3696345975948196e+2,1.5234828862164662e+2,3.2969881814715973e-1,3.4715182791613231e-2,2.5978151591408573e-2,1.5497913145608383e-3,-4.7859895494269100e-4,2.2724906271012025e-2,1.6938205355935421e-2,5,1.8885180271012027e-2,1.4145677355935422e-2,-3.8397259999999999e-3,-2.7925279999999999e-3,-3.4906600000000003e-2,0,none,none,0,,2.4580000000469227e-3,1.0570800000004965e-1,1.0393330000000560e+0,9.6329200000002402e-1,5.3330000000642030e-3,2.7458000000024185e-2,4.8339999999598149e-3,4.8292999999944186e-2
6,1.0000000000000001e-1,1.0000000000000001e-1,20,track,1,1,4.3726109057301295e+2,1.5211598890942699e+2,3.1952750092284976e-1,3.4688038836879542e-2,2.6015540657042084e-2,4.8661625576713104e-4,4.3188297204181691e-4,2.2814645617128437e-2,1.7052806056383721e-2,6,1.8974919617128438e-2,1.4260278056383722e-2,-3.8397259999999999e-3,-2.7925279999999999e-3,0,0,none,none,0,,2.4999999999408828e-3,8.1374999999979991e-2,1.0242079999999305e+0,9.4291699999996581e-1,5.1249999999072315e-3,2.4000000000000909e-2,1.3874999999984539e-2,4.6833000000106040e-2
7,1.1666666666666667e-1,1.2000000000000000e-1,24,track,1,1,4.3637309644670052e+2,1.5265574526995846e+2,3.1012522361359568e-1,3.4703857338829636e-2,2.6033591841536859e-2,6.1377987503266368e-4,6.1092845191941243e-4,2.2558333660083349e-2,1.6899392615457177e-2,7,1.9242206660083350e-2,1.4455930615457177e-2,-3.3161269999999999e-3,-2.4434620000000000e-3,6.9813200000000103e-2,6.9813200000000103e-2,none,none,0,,2.2500000000036380e-3,6.4040999999974701e-2,1.0568749999999909e+0,1.0005840000000035e+0,5.1670000000285654e-3,1.1374999999929969e-2,3.2079999999723441e-3,5.9167999999999665e-2
8,1.3333333333333333e-1,1.3500000000000001e-1,27,track,1,1,4.3031224018475751e+2,1.5719053117782909e+2,3.1468023255813954e-1,3.4681556103446809e-2,2.6001621722433012e-2,1.5602868753617990e-4,1.7792477300530569e-5,2.1239290914803456e-2,1.5930868273837526e-2,8,1.9843026914803455e-2,1.4883670273837527e-2,-1.3962639999999999e-3,-1.0471980000000001e-3,1.3962639999999990e-1,1.0471979999999986e-1,none,none,0,,2.2500000000036380e-3,6.6042000000038570e-2,1.0434999999999945e+0,9.7054200000002311e-1,1.2374999999906322e-2,1.1457999999947788e-2,1.6669999999976426e-3,5.4040999999983796e-2
9,1.4999999999999999e-1,1.4999999999999999e-1,30,track,1,1,4.2132654949121184e+2,1.6394125809435707e+2,3.2438109527381848e-1,3.4676383568061908e-2,2.6004959653178492e-2,6.0041877838897767e-5,5.5349760661748712e-5,1.9335911354804398e-2,1.4507212165319402e-2,9,2.0732175354804400e-2,1.5554410165319402e-2,1.3962639999999999e-3,1.0471980000000001e-3,2.0943959999999984e-1,1.3962639999999990e-1,none,none,0,,2.3750000000291038e-3,7.3209000000019842e-2,7.3591699999997218e-1,6.4216699999997218e-1,9.2089999999416250e-3,1.2208999999984371e-2,1.3750000000527507e-3,5.4208000000016909e-2
10,1.6666666666666666e-1,1.7000000000000001e-1,34,track,1,1,4.0933144508670523e+2,1.7290161849710984e+2,3.2445611402850710e-1,3.4636776925120571e-2,2.6018186805170030e-2,-3.9051458084670110e-4,1.9187537648198579e-4,1.5888830617350969e-2,1.2086197899902010e-2,10,2.2172018617350967e-2,1.6624055899902009e-2,6.2831879999999994e-3,4.5378579999999996e-3,2.7925279999999963e-1,1.7453299999999983e-1,none,none,0,,7.0839999999634529e-3,6.0624999999959073e-2,7.1608300000002600e-1,6.5029100000003837e-1,3.8339999999834617e-3,1.3625000000047294e-2,1.6660000000001673e-3,2.1000000000071850e-2
11,1.8333333333333332e-1,1.8500000000000000e-1,37,track,1,1,3.9458677590583892e+2,1.8299019155319641e+2,3.3589147286821708e-1,3.4626681879689869e-2,2.6029831839963623e-2,-4.2700929630612336e-4,2.7783037464628352e-4,1.2990555563361213e-2,1.0019198419982509e-2,11,2.3637068563361213e-2,1.7698650419982510e-2,1.0646513000000000e-2,7.6794519999999998e-3,3.1415939999999981e-1,2.0943959999999984e-1,none,none,0,,7.0839999999634529e-3,2.7874999999994543e-2,6.7849999999998545e-1,6.3891699999999219e-1,2.7499999999918145e-3,1.4542000000005828e-2,3.0840000000580403e-3,2.0166000000131135e-2
12,2.0000000000000001e-1,2.0000000000000001e-1,40,track,1,1,3.8003230272265807e+2,1.9246746654360868e+2,3.3046130385055278e-1,3.4655625740494855e-2,2.5991282042932305e-2,-8.4288474486729330e-5,-1.3255534287381768e-4,1.0205644747987519e-2,8.3730499683580973e-3,12,2.5215482747987517e-2,1.8670496968358097e-2,1.5009837999999999e-2,1.0297447000000000e-2,2.7925279999999963e-1,1.7453299999999983e-1,none,none,0,,4.3749999999818101e-3,3.2707999999956883e-2,6.6525000000001455e-1,6.3612499999999272e-1,1.8750000000409273e-3,1.0125000000016371e-2,1.0829999999941720e-3,1.5501000000085696e-2
13,2.1666666666666667e-1,2.2000000000000000e-1,44,track,1,1,3.6834510618651893e+2,2.0039081255771006e+2,3.0998211091234346e-1,3.4678047178621441e-2,2.5968038363063852e-2,1.3068188198857184e-4,-3.2233671473169380e-4,7.4793720265061824e-3,6.3714038306159340e-3,13,2.6852535026506183e-2,1.9810444830615934e-2,1.9373162999999999e-2,1.3439040999999999e-2,1.7453299999999947e-1,1.3962639999999965e-1,none,none,0,,2.2500000000036380e-3,2.3749999999949978e-2,7.5054099999999835e-1,7.0704100000000381e-1,5.7080000000269138e-3,1.7583000000058746e-2,2.0419999999603533e-3,2.1583000000077845e-2
14,2.3333333333333334e-1,2.3499999999999999e-1,47,track,1,1,3.5927649503578851e+2,2.0678884784114524e+2,3.1475290697674418e-1,3.4691869067973613e-2,2.5948805751632692e-2,2.3184799705440077e-4,-4.4276037756903338e-4,6.1262360425161887e-3,5.4769262699746937e-3,14,2.8117394042516189e-2,2.0661297269974691e-2,2.1991158000000000e-2,1.5184370999999999e-2,1.3962640000000076e-1,1.0471980000000040e-1,none,none,0,,3.5420000000385699e-3,3.7667000000055850e-2,6.7308300000001964e-1,6.4445799999998599e-1,1.9589999999425345e-3,1.2207999999986896e-2,1.5419999999721767e-3,2.3666999999932159e-2
15,2.5000000000000000e-1,2.5000000000000000e-1,50,track,1,1,3.5285227535227534e+2,2.1174740124740126e+2,3.1960132890365450e-1,3.4698099052988596e-2,2.5967161944932350e-2,2.5188314201349184e-4,-2.2481978311132838e-4,5.2837301776050300e-3,4.7316644224162496e-3,15,2.9194751177605026e-2,2.1486832422416252e-2,2.3911020999999998e-2,1.6755168000000001e-2,1.3962639999999932e-1,1.0471980000000052e-1,none,none,0,,3.1670000000758591e-3,2.7167000000076769e-2,6.4908300000001873e-1,6.2654199999997218e-1,2.6249999999663487e-3,8.8749999999890861e-3,9.9999999997635314e-4,1.6457999999829553e-2
16,2.6666666666666666e-1,2.7000000000000002e-1,54,track,1,1,3.4794138728323702e+2,2.1567225433526011e+2,3.2445611402850710e-1,3.4691295934784705e-2,2.5964143454489361e-2,1.6018581768155229e-4,-2.1874751605320357e-4,4.3947642210585922e-3,4.0847092391098462e-3,16,3.0225648221058589e-2,2.2236141239109844e-2,2.5830883999999998e-2,1.8151431999999999e-2,1.0471979999999982e-1,6.9813199999999659e-2,none,none,0,,3.7500000000818545e-3,2.2417000000018561e-2,6.4362500000004275e-1,6.2316700000008041e-1,1.3750000000527507e-3,9.7910000000638320e-3,1.1670000000094660e-3,1.4498999999887019e-2
17,2.8333333333333333e-1,2.8499999999999998e-1,57,track,1,1,3.4394387873177504e+2,2.1893115019671373e+2,3.1901070505721668e-1,3.4661361889057218e-2,2.5955956478744449e-2,-1.0930119446074063e-4,-2.5628270230792556e-4,4.1220046332090428e-3,3.6786035146929470e-3,17,3.1000086633209040e-2,2.2877233514692945e-2,2.6878081999999998e-2,1.9198629999999998e-2,6.9813200000000422e-2,6.9813200000000422e-2,none,none,0,,2.9999999999290594e-3,3.4208000000035099e-2,6.5374999999994543e-1,6.3229200000000674e-1,1.3339999999288921e-3,9.8749999999654392e-3,1.1250000000018190e-3,1.6792000000009466e-2
18,2.9999999999999999e-1,2.9999999999999999e-1,60,track,1,1,3.4061485239852396e+2,2.2169349630996311e+2,3.1026833631484796e-1,3.4669524279422603e-2,2.5940656391375001e-2,-2.7033429511093897e-5,-3.4715812775562994e-4,3.8247327600216575e-3,3.5038938454304436e-3,18,3.1750012760021651e-2,2.3400655845430440e-2,2.7925279999999997e-2,1.9896761999999998e-2,6.9813199999999659e-2,3.4906600000000176e-2,none,none,0,,3.0000000000427463e-3,2.0082999999999629e-2,6.5137500000003001e-1,6.2579199999993307e-1,1.4579999999568827e-3,9.9159999999756110e-3,1.0829999999941720e-3,1.4500999999995656e-2
19,3.1666666666666665e-1,3.2000000000000001e-1,64,track,1,1,3.3768442338802868e+2,2.2407707418534781e+2,3.2992756385817767e-1,3.4653659992088137e-2,2.5951074220874729e-2,-1.5408271543879902e-4,-2.1359662256153946e-4,3.4625815173562895e-3,3.0469431861299095e-3,19,3.2435059517356292e-2,2.3990903186129908e-2,2.8972477999999999e-2,2.0943959999999998e-2,3.4906600000000176e-2,6.9813199999999659e-2,none,none,0,,3.5410000000410946e-3,2.3291999999969448e-2,6.6724999999996726e-1,6.4779099999998380e-1,1.2080000000196378e-3,9.7079999999323263e-3,1.0839999999916472e-3,1.4666999999917607e-2
20,3.3333333333333331e-1,3.3500000000000002e-1,67,track,1,1,3.3498485549132948e+2,2.2626161849710982e+2,3.4095388253843123e-1,3.4636800166099491e-2,2.5955540606329215e-2,-2.7215202380395789e-4,-1.4728836112942566e-4,3.1939373571524560e-3,2.9642750295299069e-3,20,3.3039080357152452e-2,2.4431834029529906e-2,2.9845142999999998e-2,2.1467558999999997e-2,6.9813199999999659e-2,3.4906599999999482e-2,none,none,0,,2.5419999999485299e-3,2.5624999999990905e-2,6.3533299999994597e-1,6.1537499999997181e-1,1.2080000000196378e-3,9.2910000000756554e-3,1.0829999999941720e-3,1.8209000000069864e-2
21,3.4999999999999998e-1,3.4999999999999998e-1,70,track,1,1,3.3255470914127426e+2,2.2820267774699909e+2,3.1482558139534883e-1,3.4641182331405673e-2,2.5974713181565690e-2,-1.9824706478963698e-4,3.1940717541484911e-5,3.0362134007016319e-3,2.7262127270520852e-3,21,3.3579488400701629e-2,2.4891903727052082e-2,3.0543274999999998e-2,2.2165690999999998e-2,3.4906600000000176e-2,3.4906599999999482e-2,none,none,0,,2.9579999999214124e-3,1.8749999999954525e-2,6.4341699999999946e-1,6.1670900000001438e-1,1.1250000000018190e-3,1.5041999999994005e-2,1.1250000000018190e-3,1.3875999999982014e-2
22,3.6666666666666664e-1,3.7000000000000000e-1,74,track,1,1,3.3035671365842387e+2,2.2998856020337416e+2,3.3542635658914727e-1,3.4639435292616483e-2,2.5975774873827833e-2,-1.8530159224088458e-4,3.6341680403901044e-5,2.7021747299117976e-3,2.4508681705365460e-3,22,3.4118114729911796e-2,2.5314691170536543e-2,3.1415939999999996e-2,2.2863822999999998e-2,3.4906599999999482e-2,3.4906600000000176e-2,none,none,0,,2.4580000000469227e-3,1.9750000000044565e-2,6.3975000000004911e-1,6.2250000000005912e-1,1.2079999999059510e-3,7.1249999999736247e-3,2.0830000000842119e-3,1.3958999999999833e-2
23,3.8333333333333336e-1,3.8500000000000001e-1,77,track,1,1,3.2829773985239854e+2,2.3165498154981549e+2,3.1511627906976747e-1,3.4643590337994468e-2,2.5970813323479672e-2,-1.2490496026495632e-4,-1.0078868657069507e-5,2.6116966006793354e-3,2.4176078748275056e-3,23,3.4551235600679332e-2,2.5630496874827505e-2,3.1939538999999996e-2,2.3212889000000000e-2,3.4906599999999482e-2,0,none,none,0,,3.7499999999681677e-3,1.9834000000059859e-2,6.2620800000001964e-1,6.0887500000001182e-1,9.9999999997635314e-4,8.2919999999830907e-3,1.0409999999865249e-3,1.3999999999896318e-2
24,4.0000000000000002e-1,4.0000000000000002e-1,80,track,1,1,3.2645312860771185e+2,2.3316682059570539e+2,3.1475290697674418e-1,3.4627265067008750e-2,2.5973130800680661e-2,-2.4395204543293440e-4,1.0694545296061238e-5,2.4716290852945045e-3,2.2296495453812109e-3,24,3.4934767085294499e-2,2.5966137545381213e-2,3.2463137999999996e-2,2.3736488000000000e-2,3.4906599999999482e-2,3.4906600000000176e-2,none,none,0,,4.0000000000190994e-3,1.7917000000011285e-2,6.2795900000003257e-1,6.0995800000000600e-1,9.9999999997635314e-4,9.3329999999696156e-3,1.0409999999865249e-3,1.2706999999977597e-2
25,4.1666666666666669e-1,4.1999999999999998e-1,84,track,1,1,3.2478370267774699e+2,2.3457987072945522e+2,3.1482558139534883e-1,3.4650070927105148e-2,2.5989702004831312e-2,-1.8956913926469564e-5,1.4795168952602824e-4,2.2002633805927275e-3,2.0347463876234659e-3,25,3.5361533380592725e-2,2.6294833387623465e-2,3.3161270000000000e-2,2.4260087000000000e-2,3.4906600000000870e-2,3.4906600000000176e-2,none,none,0,,2.3750000000291038e-3,1.8374999999991815e-2,6.3016699999991488e-1,6.1220800000000963e-1,8.7500000006457412e-4,8.1250000000636646e-3,9.5799999996870611e-4,1.2916000000132044e-2
26,4.3333333333333335e-1,4.3500000000000000e-1,87,track,1,1,3.2322445677300044e+2,2.3586985668053629e+2,3.2453113278319579e-1,3.4630194505922418e-2,2.5985691976084621e-2,-1.8293837357736856e-4,9.3662309371141889e-5,2.0097697569116712e-3,1.9415725073674789e-3,26,3.5694638756911673e-2,2.6550725507367479e-2,3.3684868999999999e-2,2.4609152999999998e-2,3.4906599999999482e-2,0,none,none,0,,2.5419999999485299e-3,2.4792000000047665e-2,6.3695799999993596e-1,6.1412500000005821e-1,1.0000000000900400e-3,6.9580000000541986e-3,1.0419999999840002e-3,1.3583000000039647e-2
27,4.5000000000000001e-1,4.5000000000000001e-1,90,track,1,1,3.2185275080906149e+2,2.3703398058252426e+2,3.2453113278319579e-1,3.4630942390100117e-2,2.5973844502255476e-2,-1.5108337811344362e-4,-1.8832865245954676e-5,1.9472161933051359e-3,1.8243287280360777e-3,27,3.5981151193305139e-2,2.6782547728036080e-2,3.4033935000000001e-2,2.4958219000000000e-2,3.4906600000000870e-2,0,none,none,0,,3.1249999999545253e-3,1.9416999999975815e-2,6.3437499999997726e-1,6.1600000000009913e-1,2.2500000000036380e-3,6.9159999999328647e-3,2.2500000000036380e-3,1.3207000000079461e-2
28,4.6666666666666667e-1,4.6999999999999997e-1,94,track,1,1,3.2059889094269869e+2,2.3808872458410352e+2,3.3000381242851695e-1,3.4616532035308012e-2,2.5964122975899208e-2,-2.5089997594900110e-4,-9.7794820762533858e-5,1.7163029666114470e-3,1.5604909623402070e-3,28,3.6273836966611447e-2,2.7042308962340209e-2,3.4557534000000001e-2,2.5481818000000000e-2,3.4906600000001252e-2,3.4906600000000558e-2,none,none,0,,4.3749999999818101e-3,1.8374999999991815e-2,6.2612500000000182e-1,6.0970799999995506e-1,9.5799999996870611e-4,8.0000000000381988e-3,9.9999999997635314e-4,1.3958000000002357e-2
29,4.8333333333333334e-1,4.8499999999999999e-1,97,track,1,1,3.1943328716528163e+2,2.3906994459833794e+2,3.3030880670987417e-1,3.4638761536774254e-2,2.5962330478043995e-2,-2.9183248734849891e-5,-9.9159683979781738e-5,1.6321730343227747e-3,1.5612337858974760e-3,29,3.6538773034322770e-2,2.7217584785897475e-2,3.4906599999999996e-2,2.5656350999999997e-2,3.4906599999999482e-2,0,none,none,0,,2.4160000000392756e-3,1.8665999999939231e-2,6.5412500000002183e-1,6.3504199999999855e-1,1.0839999999916472e-3,8.6669999999458014e-3,9.5799999996870611e-4,1.2876999999889449e-2
30,5.0000000000000000e-1,5.0000000000000000e-1,100,track,1,1,3.1839445727482678e+2,2.3996050808314087e+2,3.3015630956919556e-1,3.4660242728628887e-2,2.5974783384659805e-2,1.5523147461884878e-4,1.9254565661825501e-5,1.5288084644218413e-3,1.4221510483419682e-3,30,3.6784474464421839e-2,2.7427568048341969e-2,3.5255665999999998e-2,2.6005416999999999e-2,3.4906599999999482e-2,3.4906600000000176e-2,none,none,0,,2.9170000000249274e-3,1.8000000000029104e-2,6.2774999999999181e-1,6.0154199999999491e-1,9.9999999997635314e-4,1.6042000000084045e-2,1.0829999999941720e-3,1.2916000000018357e-2
31,5.1666666666666672e-1,5.2000000000000002e-1,104,track,1,1,3.1746285186894323e+2,2.4076511305952931e+2,3.1012522361359568e-1,3.4646638909658023e-2,2.5963746658738043e-2,1.9322266142690056e-5,-7.6082736336332234e-5,1.3829311525563391e-3,1.2552172552182592e-3,31,3.6987663152556340e-2,2.7609700255218257e-2,3.5604732000000000e-2,2.6354482999999998e-2,3.4906600000000870e-2,3.4906600000000176e-2,none,none,0,,2.4590000000443979e-3,1.8332999999984168e-2,6.2450000000001182e-1,6.0824999999999818e-1,1.0419999999840002e-3,6.0830000001033113e-3,9.5899999996618135e-4,1.3083999999935259e-2
32,5.3333333333333333e-1,5.3500000000000003e-1,107,track,1,1,3.1659277636741285e+2,2.4149123009462267e+2,3.1005366726296957e-1,3.4650094486870842e-2,2.5981232246783385e-2,4.5622091095981552e-5,8.1316680901920031e-5,1.3708680708361433e-3,1.2353002533739463e-3,32,3.7150133070836144e-2,2.7764316253373944e-2,3.5779264999999998e-2,2.6529015999999999e-2,0,3.4906600000000176e-2,none,none,0,,2.4590000000443979e-3,1.6916000000037457e-2,6.2354199999992943e-1,6.0833300000001600e-1,1.0000000000900400e-3,5.9999999999718057e-3,1.4579999999568827e-3,1.3833999999974367e-2
33,5.5000000000000004e-1,5.5000000000000004e-1,110,track,1,1,3.1579656127394412e+2,2.4216120470805447e+2,3.2505626406601651e-1,3.4631755357295901e-2,2.5985297451382512e-2,-1.1465759774056486e-4,1.0405791709286130e-4,1.3259048859008498e-3,1.1922216210070251e-3,33,3.7279702885900844e-2,2.7895770621007024e-2,3.5953797999999995e-2,2.6703549000000000e-2,0,0,none,none,0,,3.8749999999936335e-3,1.5708000000017819e-2,6.3183300000002873e-1,6.1625000000003638e-1,9.9999999997635314e-4,6.0419999999794527e-3,9.9999999997635314e-4,1.4043000000015127e-2
34,5.6666666666666665e-1,5.6999999999999995e-1,114,track,1,1,3.1507959278111986e+2,2.4277718648773717e+2,3.2954632100648112e-1,3.4643619796680625e-2,2.5981862223738404e-2,9.2824521888616013e-7,6.0681748047683147e-5,1.1578652773762180e-3,1.1329677107573036e-3,34,3.7460729277376217e-2,2.8011049710757300e-2,3.6302863999999997e-2,2.6878081999999998e-2,0,0,none,none,0,,2.8750000000172804e-3,1.8291999999973996e-2,6.2383400000010170e-1,6.0920899999996436e-1,9.5799999996870611e-4,6.8330000000287328e-3,9.1600000007474591e-4,1.3998000000015054e-2
35,5.8333333333333337e-1,5.8499999999999996e-1,117,track,1,1,3.1445941895319345e+2,2.4333744523864422e+2,3.1033989266547407e-1,3.4646896147727091e-2,2.5976400688450502e-2,2.8286523842817400e-5,6.3751423630898556e-6,1.1097573592944317e-3,1.0635686506254714e-3,35,3.7587154359294425e-2,2.8116183650625470e-2,3.6477396999999995e-2,2.7052614999999999e-2,0,0,none,none,0,,2.4170000000367509e-3,1.7707999999970525e-2,7.4487499999997908e-1,7.0437500000002728e-1,3.3329999999978099e-3,1.6791000000011991e-2,1.8330000000332802e-3,1.4042000000131338e-2
36,5.9999999999999998e-1,5.9999999999999998e-1,120,track,1,1,3.1393297059504516e+2,2.4385170178282010e+2,3.1886304909560725e-1,3.4650098179490385e-2,2.5972962768914021e-2,5.1193872372946433e-5,-2.3357475895322170e-5,1.0508073515772315e-3,9.8847760301269791e-4,36,3.7702737351577233e-2,2.8215625603012696e-2,3.6651929999999999e-2,2.7227148000000000e-2,0,0,none,none,0,,3.2079999999723441e-3,3.0709000000001652e-2,6.5591700000004494e-1,6.2879199999997581e-1,1.8329999999195934e-3,1.0666000000014719e-2,1.5829999999823485e-3,2.2416000000021086e-2
37,6.1666666666666670e-1,6.2000000000000000e-1,124,track,1,1,3.1345527893038269e+2,2.4429137851544490e+2,3.1041144901610018e-1,3.4657101956749869e-2,2.5977348327267127e-2,1.0278880210634993e-4,1.6697184030226133e-5,9.8566117378857802e-4,9.1312437853428353e-4,37,3.7812124173788576e-2,2.8314805378534282e-2,3.6826462999999997e-2,2.7401680999999997e-2,0,0,none,none,0,,2.6659999999765205e-3,2.6250000000004547e-2,6.2912500000004457e-1,6.0858400000006441e-1,2.5419999999485299e-3,7.0000000000618456e-3,1.0409999999865249e-3,2.7208999999970729e-2
38,6.3333333333333330e-1,6.3500000000000001e-1,127,track,1,1,3.1301052996991439e+2,2.4469995371441797e+2,3.3496124031007751e-1,3.4669983798794490e-2,2.5991019556952662e-2,1.9647589266227512e-4,1.2904207766490573e-4,9.1718499705147429e-4,8.3928583191254531e-4,38,3.7918180997051479e-2,2.8415499831912543e-2,3.7000996000000001e-2,2.7576213999999998e-2,0,0,none,none,0,,2.3749999999154170e-3,2.2209000000088963e-2,6.6075000000000728e-1,5.9958299999993869e-1,1.3329999999314168e-3,6.2080000000150903e-3,4.5541999999954896e-2,1.4707999999927779e-2
39,6.5000000000000002e-1,6.5000000000000002e-1,130,track,1,1,3.1261272811272812e+2,2.4504954954954954e+2,3.3008006099885628e-1,3.4648968198952801e-2,2.5974710484799095e-2,-7.2749256498836864e-6,-2.5802026018630265e-5,9.4916563772973477e-4,8.7064593356945565e-4,39,3.7950161637729733e-2,2.8446859933569452e-2,3.7000996000000001e-2,2.7576213999999998e-2,0,0,none,none,0,,4.1670000000522123e-3,2.3124999999936335e-2,6.1229200000002493e-1,5.9404100000006110e-1,1.1250000000018190e-3,6.0839999999870997e-3,1.9170000000485743e-3,1.3998999999898842e-2
40,6.6666666666666663e-1,6.7000000000000004e-1,134,track,1,1,3.1224602076124569e+2,2.4537197231833909e+2,3.2004429678848284e-1,3.4643724327455772e-2,2.5977201228028480e-2,-5.0244076509700785e-5,-1.3022114005560829e-6,8.5005941355386434e-4,7.7456437338677445e-4,40,3.8025588413553864e-2,2.8525311373386774e-2,3.7175528999999999e-2,2.7750746999999999e-2,0,0,none,none,0,,2.3749999999154170e-3,2.0291999999926702e-2,6.1791600000003655e-1,6.0124999999993634e-1,1.1660000000119908e-3,7.2920000000067375e-3,1.1250000000018190e-3,1.3583000000039647e-2
41,6.8333333333333335e-1,6.8500000000000005e-1,137,track,1,1,3.1193355673676911e+2,2.4567679685694478e+2,3.2460615153788447e-1,3.4656776377367748e-2,2.5997568600712680e-2,6.6262101309804198e-5,1.6972350489896076e-4,7.6135245497182267e-4,6.8958196864170437e-4,41,3.8111414454971820e-2,2.8614861968641700e-2,3.7350061999999996e-2,2.7925279999999997e-2,0,3.4906599999999482e-2,none,none,0,,2.3749999999154170e-3,2.2749999999973625e-2,6.0829200000000583e-1,5.9112500000003365e-1,1.1250000000018190e-3,6.5839999999752763e-3,9.1699999995853432e-4,1.3291999999978543e-2
42,6.9999999999999996e-1,6.9999999999999996e-1,140,track,1,1,3.1166543438077633e+2,2.4593484288354898e+2,3.2468117029257315e-1,3.4646588869227557e-2,2.5994408573570996e-2,-2.8455666128734554e-5,1.1948905178515461e-4,7.8437224398010747e-4,7.1697094270208375e-4,42,3.8134434243980102e-2,2.8642250942702081e-2,3.7350061999999996e-2,2.7925279999999997e-2,0,0,none,none,0,,2.9589999999188876e-3,2.0082999999999629e-2,6.1887500000000273e-1,6.0212500000000091e-1,1.0409999999865249e-3,7.0839999999634529e-3,1.0419999999840002e-3,1.2999999999919964e-2
43,7.1666666666666667e-1,7.1999999999999997e-1,144,track,1,1,3.1144087759815244e+2,2.4615080831408775e+2,3.1468023255813954e-1,3.4662310199466972e-2,2.5974059116906582e-2,1.0739587670736664e-4,-6.7910791812199513e-5,6.8631851987031151e-4,5.9114519359618526e-4,43,3.8210913519870313e-2,2.8690958193596183e-2,3.7524595000000001e-2,2.8099812999999998e-2,0,3.4906600000000176e-2,none,none,0,,2.3329999999077700e-3,1.9541999999887594e-2,6.0800000000006094e-1,5.9133299999996325e-1,1.0419999999840002e-3,5.8749999999463398e-3,2.3330000000214568e-3,1.7041000000062922e-2
44,7.3333333333333328e-1,7.3499999999999999e-1,147,track,1,1,3.1122870006926809e+2,2.4637762641422304e+2,3.1475290697674418e-1,3.4658871402170277e-2,2.5980754984807477e-2,6.3536085494122940e-5,-2.2501028622023039e-6,7.0481327999207053e-4,6.1900833333996164e-4,44,3.8229408279992071e-2,2.8718821333339958e-2,3.7524595000000001e-2,2.8099812999999998e-2,0,0,none,none,0,,2.3750000000291038e-3,1.8166000000064741e-2,6.0516599999994014e-1,5.9012500000005730e-1,9.9999999997635314e-4,6.8750000000363798e-3,1.0000000000900400e-3,1.2627000000065891e-2
45,7.5000000000000000e-1,7.5000000000000000e-1,150,track,1,1,3.1105465680610121e+2,2.4657580309683382e+2,3.2992756385817767e-1,3.4641753225136185e-2,2.5970741290870750e-2,-8.8938643097884090e-5,-8.5933210433968094e-5,7.0645727086226053e-4,6.2786537700346319e-4,45,3.8231052270862265e-2,2.8727678377003463e-2,3.7524595000000001e-2,2.8099812999999998e-2,0,0,none,none,0,,2.8330000000096334e-3,1.7166999999972177e-2,6.0604100000000471e-1,5.9108300000002600e-1,9.5899999996618135e-4,6.7910000000210857e-3,9.5899999996618135e-4,1.2709000000086235e-2
46,7.6666666666666672e-1,7.7000000000000002e-1,154,track,1,1,3.1090157116451019e+2,2.4674584103512015e+2,3.1952750092284976e-1,3.4657241089229629e-2,2.5991109693015421e-2,5.3412657822814920e-5,9.6937442484152723e-5,5.9494334073049700e-4,5.2209784640339161e-4,46,3.8294071340730498e-2,2.8796443846403390e-2,3.7699127999999998e-2,2.8274345999999999e-2,0,0,none,none,0,,2.4169999999230640e-3,2.6082999999971435e-2,6.3737500000002001e-1,6.2041699999997491e-1,1.3329999999314168e-3,7.0409999999583306e-3,1.0410000001002118e-3,1.4208999999937078e-2
47,7.8333333333333333e-1,7.8500000000000003e-1,157,track,1,1,3.1076723739009719e+2,2.4689333641832485e+2,3.2423105776444111e-1,3.4659958448786554e-2,2.5996971591120941e-2,6.8739428067120359e-5,1.3255669493332877e-4,6.0696804120049565e-4,5.3880837927623877e-4,47,3.8306096041200492e-2,2.8813154379276236e-2,3.7699127999999998e-2,2.8274345999999999e-2,0,0,none,none,0,,2.2920000000112850e-3,1.8416999999999462e-2,6.0750000000007276e-1,5.9137499999997090e-1,9.9999999997635314e-4,6.9169999999303400e-3,9.5799999996870611e-4,1.2456999999926666e-2
48,8.0000000000000004e-1,8.0000000000000004e-1,160,track,1,1,3.1066774491682071e+2,2.4700115526802219e+2,3.3550387596899223e-1,3.4654220891555454e-2,2.5993199325629667e-2,1.1000427737576962e-5,8.2381248174907135e-5,6.0768759561046295e-4,5.4358912258489322e-4,48,3.8306815595610465e-2,2.8817935122584893e-2,3.7699127999999998e-2,2.8274345999999999e-2,0,0,none,none,0,,2.8750000000172804e-3,1.8166999999948530e-2,6.3874999999995907e-1,6.2199999999995725e-1,1.1660000000119908e-3,6.0829999999896245e-3,9.5799999996870611e-4,1.5082000000006701e-2
49,8.1666666666666665e-1,8.1999999999999995e-1,164,track,1,1,3.1057512713823394e+2,2.4709778085991678e+2,3.2985131528783834e-1,3.4641725089173292e-2,2.5981963693715866e-2,-9.5357198808097496e-5,-2.3385079511157011e-5,5.9948841900662152e-4,5.3917909076642236e-4,49,3.8298616419006622e-2,2.8813525090766422e-2,3.7699127999999998e-2,2.8274345999999999e-2,0,0,none,none,0,,3.7089999999579959e-3,1.8208000000072389e-2,6.1962500000004184e-1,6.0412499999995362e-1,1.0419999999840002e-3,6.8750000000363798e-3,9.9999999997635314e-4,1.2583999999833395e-2
50,8.3333333333333337e-1,8.3499999999999996e-1,167,track,1,1,3.1049492268636050e+2,2.4719351488576044e+2,3.1005366726296957e-1,3.4624505755749269e-2,2.5964459180908547e-2,-2.2646830214842617e-4,-1.6695056548102379e-4,5.8476730210264469e-4,5.2731140050083067e-4,50,3.8283895302102640e-2,2.8801657400500828e-2,3.7699127999999998e-2,2.8274345999999999e-2,0,0,none,none,0,,3.3339999999952852e-3,1.7875000000003638e-2,6.2254199999995308e-1,6.0074999999994816e-1,9.9999999997635314e-4,7.9170000000203800e-3,9.5799999996870611e-4,1.2583000000063294e-2
51,8.4999999999999998e-1,8.4999999999999998e-1,170,track,1,1,3.1044095940959409e+2,2.4727905904059040e+2,3.1026833631484796e-1,3.4648140474947908e-2,2.5985191542515378e-2,3.4511006048879641e-6,3.0301703765449149e-5,4.6579777421101420e-4,4.0944755314144699e-4,51,3.8339458774211008e-2,2.8858326553141446e-2,3.7873660999999996e-2,2.8448879000000000e-2,0,0,none,none,0,,2.8750000000172804e-3,2.8666000000043823e-2,6.2350000000003547e-1,6.0783400000002530e-1,1.0419999999840002e-3,6.8330000000287328e-3,1.0000000000900400e-3,1.3834999999858155e-2
52,8.6666666666666670e-1,8.7000000000000000e-1,174,track,1,1,3.1041282287822878e+2,2.4732818265682656e+2,3.1511627906976747e-1,3.4666640115590397e-2,2.5999402761772809e-2,1.5815111551745688e-4,1.4527480156522867e-4,4.7811147333751700e-4,4.2209316338186231e-4,52,3.8351772473337514e-2,2.8870972163381862e-2,3.7873660999999996e-2,2.8448879000000000e-2,0,0,none,none,0,,2.2500000000036380e-3,1.9334000000071683e-2,6.0820799999999053e-1,5.9237500000006094e-1,1.0420000000976870e-3,7.2920000000067375e-3,1.0420000000976870e-3,1.8709000000058040e-2
53,8.8333333333333330e-1,8.8500000000000001e-1,177,track,1,1,3.1039619377162632e+2,2.4736136101499423e+2,3.1019677996422185e-1,3.4681235028067192e-2,2.6008928763719692e-2,2.5846856344692977e-4,2.0487236880640757e-4,4.8396060682615808e-4,4.2795190144424459e-4,53,3.8357621606826153e-2,2.8876830901444245e-2,3.7873660999999996e-2,2.8448879000000000e-2,0,0,none,none,0,,2.2500000000036380e-3,2.5624999999990905e-2,6.1483299999997598e-1,5.9954100000004473e-1,9.9999999997635314e-4,6.8750000000363798e-3,1.0409999999865249e-3,1.4833000000066932e-2
54,9.0000000000000002e-1,9.0000000000000002e-1,180,track,1,1,3.1036472760849495e+2,2.4740073868882732e+2,3.0998211091234346e-1,3.4691003315803215e-2,2.6013719054122794e-2,3.0427325909255452e-4,2.1641272265887802e-4,4.8337822215162426e-4,4.2769336670976600e-4,54,3.8357039222151619e-2,2.8876572366709766e-2,3.7873660999999996e-2,2.8448879000000000e-2,0,0,none,none,0,,2.7089999999816428e-3,1.6457999999943240e-2,6.0550000000000637e-1,5.9024999999996908e-1,9.5800000008239294e-4,7.2089999999889187e-3,1.0829999999941720e-3,1.2708000000088759e-2
55,9.1666666666666663e-1,9.2000000000000004e-1,184,track,1,1,3.1032952710495965e+2,2.4744440599769320e+2,3.1019677996422185e-1,3.4696137687966200e-2,2.6013980937229689e-2,3.0480299651204954e-4,1.8835355726562188e-4,4.7714415874101256e-4,4.2205849527183928e-4,55,3.8350805158741008e-2,2.8870937495271840e-2,3.7873660999999996e-2,2.8448879000000000e-2,0,0,none,none,0,,2.2500000000036380e-3,1.9291000000066560e-2,6.1616700000001856e-1,6.0074999999994816e-1,9.1699999995853432e-4,6.7920000000185610e-3,9.5900000007986819e-4,1.2250999999992018e-2
56,9.3333333333333335e-1,9.3500000000000005e-1,187,track,1,1,3.1029529737206087e+2,2.4748386353158136e+2,3.1041144901610018e-1,3.4697277690476369e-2,2.6010659543515058e-2,2.7175230605842388e-4,1.3415930084515216e-4,4.6625935442622785e-4,4.1223955073851876e-4,56,3.8339920354426224e-2,2.8861118550738519e-2,3.7873660999999996e-2,2.8448879000000000e-2,0,0,none,none,0,,2.2910000000138098e-3,1.8416999999999462e-2,6.2687500000004093e-1,6.1029200000007222e-1,9.9999999997635314e-4,7.0000000000618456e-3,9.5800000008239294e-4,2.2791999999981272e-2
57,9.4999999999999996e-1,9.4999999999999996e-1,190,track,1,1,3.1027318874019380e+2,2.4751361329026304e+2,3.1012522361359568e-1,3.4695948791638287e-2,2.6005079904351608e-2,2.2261220287049074e-4,6.8598712246907147e-5,4.5228825098255664e-4,3.9960452962739930e-4,57,3.8325949250982552e-2,2.8848483529627399e-2,3.7873660999999996e-2,2.8448879000000000e-2,0,0,none,none,0,,2.9580000000350992e-3,2.0416999999952168e-2,6.3379099999997379e-1,6.1745799999994233e-1,1.0419999999840002e-3,6.9589999999379870e-3,1.0419999999840002e-3,1.3000999999917440e-2
58,9.6666666666666667e-1,9.6999999999999997e-1,194,track,1,1,3.1025888324873097e+2,2.4753207198892477e+2,3.1012522361359568e-1,3.4693177585074508e-2,2.5998556403656198e-2,1.6824357070259753e-4,4.2864536845861210e-6,4.3629612417156661e-4,3.8540855350727518e-4,58,3.8309957124171561e-2,2.8834287553507275e-2,3.7873660999999996e-2,2.8448879000000000e-2,0,0,none,none,0,,2.2910000000138098e-3,3.3832999999958702e-2,6.5029199999992215e-1,6.3212499999997362e-1,2.3340000000189320e-3,7.5840000000653163e-3,1.0839999999916472e-3,1.4501000000109343e-2
59,9.8333333333333328e-1,9.8499999999999999e-1,197,track,1,1,3.1025611444393172e+2,2.4754453161052146e+2,3.1012522361359568e-1,3.4690176375878679e-2,2.5991816700971448e-2,1.1954668503767320e-4,-5.2848107503478998e-5,4.1940811646791031e-4,3.7037418926961249e-4,59,3.8293069116467904e-2,2.8819253189269613e-2,3.7873660999999996e-2,2.8448879000000000e-2,0,0,none,none,0,,2.6669999999739957e-3,2.0833000000038737e-2,7.3874999999998181e-1,6.7741699999999128e-1,5.6659999999055799e-3,3.3500000000003638e-2,1.9580000000587461e-3,2.0040999999991982e-2
60,1,1,200,track,1,1,3.1025490422340181e+2,2.4754661897069005e+2,3.1005366726296957e-1,3.4687197795488345e-2,2.5985836185957723e-2,7.7847767235797384e-5,-9.5626511625134872e-5,4.0194520890529125e-4,3.5536140390572267e-4,60,3.8275606208905286e-2,2.8804240403905723e-2,3.7873660999999996e-2,2.8448879000000000e-2,0,0,none,none,0,,3.2079999999723441e-3,3.6125000000083674e-2,6.6908399999999801e-1,6.4375000000006821e-1,1.8750000000409273e-3,1.0582999999996900e-2,1.5840000000935106e-3,2.2540999999932865e-2
61,1.0166666666666666e+0,1.0200000000000000e+0,204,track,1,1,3.1025363657353961e+2,2.4754894943431077e+2,3.0991055456171734e-1,3.4684319851796985e-2,2.5980590730679522e-2,4.2822814066557739e-5,-1.2625824163206835e-4,3.8406530323819552e-4,3.4041847946593564e-4,61,3.8257726303238190e-2,2.8789297479465934e-2,3.7873660999999996e-2,2.8448879000000000e-2,0,0,none,none,0,,3.0420000000503933e-3,5.1417000000014923e-2,6.7200000000002547e-1,6.4883400000007896e-1,1.5419999999721767e-3,8.9159999999992579e-3,1.0829999999941720e-3,2.2291999999879408e-2
62,1.0333333333333334e+0,1.0349999999999999e+0,207,track,1,1,3.1025300092336101e+2,2.4754916897506925e+2,3.0998211091234346e-1,3.4681652730705892e-2,2.5976223138405349e-2,1.4463042806184758e-5,-1.4524359390438623e-4,3.6593157347295028e-4,3.2571100747123263e-4,62,3.8239592573472946e-2,2.8774590007471231e-2,3.7873660999999996e-2,2.8448879000000000e-2,0,0,none,none,0,,2.4160000000392756e-3,2.9583000000002357e-2,6.5137500000003001e-1,6.3137500000004820e-1,1.3750000000527507e-3,8.1670000000713117e-3,9.9999999997635314e-4,1.5083999999887965e-2
63,1.0500000000000000e+0,1.0500000000000000e+0,210,track,1,1,3.1025300092336101e+2,2.4754916897506925e+2,3.0998211091234346e-1,3.4679279899325621e-2,2.5972683284017584e-2,-7.4632284253276841e-6,-1.5463127831635970e-4,3.4766998439234801e-4,3.1124413455109457e-4,63,3.8221330984392343e-2,2.8760123134551095e-2,3.7873660999999996e-2,2.8448879000000000e-2,0,0,none,none,0,,2.2920000000112850e-3,2.6708000000098764e-2,6.5575000000001182e-1,6.3616700000000037e-1,1.3330000000451037e-3,7.9580000000305517e-3,1.0829999999941720e-3,1.4374999999745341e-2
64,1.0666666666666667e+0,1.0700000000000001e+0,214,track,1,1,3.1025271299930733e+2,2.4754964211498501e+2,3.0991055456171734e-1,3.4677187400586007e-2,2.5969851902420103e-2,-2.3972522781514506e-5,-1.5676355444797563e-4,3.2931917223344030e-4,2.9696517171180786e-4,64,3.8202980172233433e-2,2.8745844171711808e-2,3.7873660999999996e-2,2.8448879000000000e-2,0,0,none,none,0,,2.3329999999077700e-3,2.1791999999891232e-2,6.4454200000000128e-1,6.2604099999998652e-1,1.2500000000272848e-3,7.5839999999516294e-3,1.1660000000119908e-3,1.3957000000118569e-2
65,1.0833333333333333e+0,1.0850000000000000e+0,217,track,1,1,3.1025271299930733e+2,2.4754964211498501e+2,3.0991055456171734e-1,3.4675398091678744e-2,2.5967685282789883e-2,-3.5630434069550190e-5,-1.5302143945989074e-4,3.1093806816675205e-4,2.8287684898118401e-4,65,3.8184599068166750e-2,2.8731755848981185e-2,3.7873660999999996e-2,2.8448879000000000e-2,0,0,none,none,0,,2.1659999999883439e-3,1.9999999999981810e-2,6.2945799999999963e-1,6.1216699999999946e-1,1.1250000000018190e-3,7.3340000000143846e-3,9.1600000007474591e-4,1.3124999999945430e-2
66,1.1000000000000001e+0,1.1000000000000001e+0,220,track,1,1,3.1025271299930733e+2,2.4754964211498501e+2,3.0991055456171734e-1,3.4673899018303089e-2,2.5966095035252587e-2,-4.3223883144148295e-5,-1.4496766068789230e-4,2.9255073407635941e-4,2.6894361625570999e-4,66,3.8166211734076354e-2,2.8717822616255710e-2,3.7873660999999996e-2,2.8448879000000000e-2,0,0,none,none,0,,2.3340000000189320e-3,1.8916999999987638e-2,6.6195800000002691e-1,6.4383299999997234e-1,1.0409999999865249e-3,7.0420000000694927e-3,1.0419999999840002e-3,1.4165999999931955e-2
67,1.1166666666666667e+0,1.1200000000000001e+0,224,track,1,1,3.1025271299930733e+2,2.4754964211498501e+2,3.0991055456171734e-1,3.4672670478849810e-2,2.5964994677524996e-2,-4.7486373253762891e-5,-1.3393046435804790e-4,2.7417092478741934e-4,2.5512919001536606e-4,67,3.8147831924787413e-2,2.8704008190015368e-2,3.7873660999999996e-2,2.8448879000000000e-2,0,0,none,none,0,,2.2079999999959909e-3,1.8957999999997810e-2,6.1437499999999545e-1,5.9833300000002509e-1,9.5899999996618135e-4,6.7909999999073989e-3,1.0419999999840002e-3,1.2960000000020955e-2
68,1.1333333333333333e+0,1.1350000000000000e+0,227,track,1,1,3.1025271299930733e+2,2.4754964211498501e+2,3.0991055456171734e-1,3.4671688345369489e-2,2.5964302122343519e-2,-4.9085988991644929e-5,-1.2101553206515733e-4,2.5580493640583351e-4,2.4139868205137817e-4,68,3.8129465936405829e-2,2.8690277682051377e-2,3.7873660999999996e-2,2.8448879000000000e-2,0,0,none,none,0,,2.4590000000443979e-3,2.0291999999926702e-2,6.2529100000006110e-1,6.0799999999994725e-1,2.9160000000274522e-3,5.8330000000523796e-3,9.5799999996870611e-4,1.2624999999843567e-2
69,1.1499999999999999e+0,1.1499999999999999e+0,230,track,1,1,3.1025271299930733e+2,2.4754964211498501e+2,3.0991055456171734e-1,3.4670925968764976e-2,2.5963941407203317e-2,-4.8618560747482222e-5,-1.0712258702028188e-4,2.3745387562509700e-4,2.2772003806672384e-4,69,3.8111114875625095e-2,2.8676599038066724e-2,3.7873660999999996e-2,2.8448879000000000e-2,0,0,none,none,0,,2.4169999999230640e-3,1.7458000000033280e-2,6.1379199999998946e-1,5.9733400000004622e-1,1.0419999999840002e-3,6.8330000000287328e-3,9.9999999997635314e-4,1.2333000000012362e-2
70,1.1666666666666667e+0,1.1699999999999999e+0,234,track,1,1,3.1025271299930733e+2,2.4754964211498501e+2,3.0991055456171734e-1,3.4670355704703226e-2,2.5963843792416039e-2,-4.6604966361337864e-5,-9.2964977422578692e-5,2.1911543773289570e-4,2.1406492671688512e-4,70,3.8092776437732893e-2,2.8662943926716884e-2,3.7873660999999996e-2,2.8448879000000000e-2,0,0,none,none,0,,2.1249999999781721e-3,1.6499999999950887e-2,6.2899999999990541e-1,6.1249999999995453e-1,1.0419999999840002e-3,7.3750000000245564e-3,9.9999999997635314e-4,1.2417000000141343e-2
71,1.1833333333333333e+0,1.1850000000000001e+0,237,track,1,1,3.1025271299930733e+2,2.4754964211498501e+2,3.0991055456171734e-1,3.4669950100784774e-2,2.5963948344286173e-2,-4.3491651527163099e-5,-7.9090840978594641e-5,2.0078527229130150e-4,2.0040920044812202e-4,71,3.8074446272291299e-2,2.8649288200448122e-2,3.7873660999999996e-2,2.8448879000000000e-2,0,0,none,none,0,,1.2919999999212450e-3,1.8957999999997810e-2,6.0537499999998090e-1,5.9024999999996908e-1,9.9999999997635314e-4,6.8749999999226930e-3,1.0409999999865249e-3,1.1666999999988548e-2
72,1.2000000000000000e+0,1.2000000000000000e+0,240,track,1,1,3.1025271299930733e+2,2.4754964211498501e+2,3.0991055456171734e-1,3.4669682787171752e-2,2.5964202109258969e-2,-3.9653564974992213e-5,-6.5904741581095520e-5,1.8245800685507505e-4,1.8673303145658930e-4,72,3.8056119006855071e-2,2.8635612031456589e-2,3.7873660999999996e-2,2.8448879000000000e-2,0,0,none,none,0,,1.2920000000349319e-3,1.6333000000031461e-2,6.1000000000001364e-1,5.9366699999998218e-1,9.1599999996105907e-4,7.4589999999261636e-3,9.5799999996870611e-4,1.2165999999979249e-2
73,1.2166666666666666e+0,1.2200000000000000e+0,244,track,1,1,3.1025271299930733e+2,2.4754964211498501e+2,3.0991055456171734e-1,3.4669529112692388e-2,2.5964559973004953e-2,-3.5398818324521158e-5,-5.3688923919789957e-5,1.6412799081711132e-4,1.7302080945384127e-4,73,3.8037788990817105e-2,2.8621899809453840e-2,3.7873660999999996e-2,2.8448879000000000e-2,0,0,none,none,0,,1.2500000000272848e-3,1.5083000000004176e-2,6.1479200000007950e-1,6.0008400000003803e-1,8.7500000006457412e-4,6.7500000000109139e-3,9.9999999997635314e-4,1.3250999999854685e-2
74,1.2333333333333334e+0,1.2350000000000001e+0,247,track,1,1,3.1025271299930733e+2,2.4754964211498501e+2,3.0991055456171734e-1,3.4669466566864315e-2,2.5964984286213178e-2,-3.0974490159789153e-5,-4.2623553501164080e-5,1.4578981346736851e-4,1.5926087282034962e-4,74,3.8019450813467366e-2,2.8608139872820348e-2,3.7873660999999996e-2,2.8448879000000000e-2,0,0,none,none,0,,1.2920000000349319e-3,1.6375000000039108e-2,6.3049999999998363e-1,6.1533299999996416e-1,9.1699999995853432e-4,6.6249999999854481e-3,9.5799999996870611e-4,1.1791000000016538e-2
75,1.2500000000000000e+0,1.2500000000000000e+0,250,track,1,1,3.1025271299930733e+2,2.4754964211498501e+2,3.0991055456171734e-1,3.4669475025740581e-2,2.5965444326858114e-2,-2.6573096682637104e-5,-3.2805498706366861e-5,1.2743864297766390e-4,1.4544513122534747e-4,75,3.8001099642977661e-2,2.8594324131225347e-2,3.7873660999999996e-2,2.8448879000000000e-2,0,0,none,none,0,,1.2920000000349319e-3,1.5458999999964362e-2,6.1470900000006168e-1,6.0050000000001091e-1,8.3399999994071550e-4,6.2080000000150903e-3,9.5799999996870611e-4,1.1998000000062348e-2
76,1.2666666666666666e+0,1.2700000000000000e+0,254,track,1,1,3.1025271299930733e+2,2.4754964211498501e+2,3.0991055456171734e-1,3.4669536856192451e-2,2.5965915657248328e-2,-2.2339345106530634e-5,-2.4265369606819870e-5,1.0907042613778664e-4,1.3156862589753385e-4,76,3.7982731426137784e-2,2.8580447625897534e-2,3.7873660999999996e-2,2.8448879000000000e-2,0,0,none,none,0,,1.2500000000272848e-3,2.5082999999995081e-2,6.3983399999995072e-1,6.2258299999996325e-1,1.1250000000018190e-3,6.7080000000032669e-3,9.1699999995853432e-4,1.3166000000069289e-2
77,1.2833333333333334e+0,1.2849999999999999e+0,257,track,1,1,3.1025271299930733e+2,2.4754964211498501e+2,3.0991055456171734e-1,3.4669636909658408e-2,2.5966379423515533e-2,-1.8376870111336682e-5,-1.6982657474375251e-5,9.0681982330721278e-5,1.1762906340910152e-4,77,3.7964342982330715e-2,2.8566508063409102e-2,3.7873660999999996e-2,2.8448879000000000e-2,0,0,none,none,0,,1.2919999999212450e-3,1.8957999999997810e-2,6.1704099999997197e-1,6.0262499999998909e-1,8.3300000005692709e-4,5.6250000000090949e-3,9.9999999997635314e-4,1.2166999999976724e-2
78,1.3000000000000000e+0,1.3000000000000000e+0,260,track,1,1,3.1025271299930733e+2,2.4754964211498501e+2,3.0991055456171734e-1,3.4669762432566031e-2,2.5966821635526813e-2,-1.4754727407300094e-5,-1.0898921906311478e-5,7.2271019624653641e-5,1.0362635001183688e-4,78,3.7945932019624651e-2,2.8552505350011838e-2,3.7873660999999996e-2,2.8448879000000000e-2,0,0,none,none,0,,1.3339999999288921e-3,1.4875000000074579e-2,6.1695800000006784e-1,6.0170800000003055e-1,8.7499999995088729e-4,6.5839999999752763e-3,9.5800000008239294e-4,1.2540999999941960e-2
79,1.3166666666666667e+0,1.3200000000000001e+0,264,track,1,1,3.1025271299930733e+2,2.4754964211498501e+2,3.0991055456171734e-1,3.4669902916860451e-2,2.5967232456593378e-2,-1.1513482036517054e-5,-5.9290521262034013e-6,5.3836095806500101e-5,8.9562146139197783e-5,79,3.7927497095806499e-2,2.8538441146139199e-2,3.7873660999999996e-2,2.8448879000000000e-2,0,0,none,none,0,,1.2920000000349319e-3,1.7375000000015461e-2,6.3154099999997015e-1,6.1683299999992869e-1,9.9999999997635314e-4,6.8330000000287328e-3,9.5799999996870611e-4,1.2083000000075117e-2
80,1.3333333333333333e+0,1.3350000000000000e+0,267,track,1,1,3.1025271299930733e+2,2.4754964211498501e+2,3.0991055456171734e-1,3.4670049910339173e-2,2.5967605524839586e-2,-8.6707824579839019e-6,-1.9706883015067115e-6,3.5376542669968276e-5,7.5439454545353851e-5,80,3.7909037542669964e-2,2.8524318454545353e-2,3.7873660999999996e-2,2.8448879000000000e-2,0,0,none,none,0,,1.2920000000349319e-3,1.6334000000028936e-2,6.1720800000000509e-1,6.0125000000005002e-1,8.7499999995088729e-4,6.4579999999523352e-3,9.5799999996870611e-4,1.2499000000047999e-2
81,1.3500000000000001e+0,1.3500000000000001e+0,270,track,1,1,3.1025271299930733e+2,2.4754964211498501e+2,3.0991055456171734e-1,3.4670196803118003e-2,2.5967937321674229e-2,-6.2263556422677167e-6,1.0880694131550080e-6,1.6892368151616289e-5,6.1262250564202874e-5,81,3.7890553368151614e-2,2.8510141250564204e-2,3.7873660999999996e-2,2.8448879000000000e-2,0,0,none,none,0,,1.2910000000374566e-3,1.5375000000062755e-2,6.1775000000000091e-1,6.0341600000003837e-1,8.7499999995088729e-4,5.6250000000090949e-3,1.0000000000900400e-3,1.1708999999996195e-2
82,1.3666666666666667e+0,1.3700000000000001e+0,274,track,1,1,3.1025271299930733e+2,2.4754964211498501e+2,3.0991055456171734e-1,3.4670338603346451e-2,2.5968226597425367e-2,-4.1663940719396414e-6,3.3625091184039248e-6,-1.6158525132987050e-6,4.7035159006551469e-5,82,3.7872045147486696e-2,2.8495914159006552e-2,3.7873660999999996e-2,2.8448879000000000e-2,0,0,none,none,0,,1.2500000000272848e-3,1.8874999999979991e-2,6.8920800000000781e-1,6.4595799999995052e-1,4.8749999999699867e-3,1.2875000000008185e-2,1.7910000000256332e-3,1.8168000000059692e-2
83,1.3833333333333333e+0,1.3850000000000000e+0,277,track,1,1,3.1025271299930733e+2,2.4754964211498501e+2,3.0991055456171734e-1,3.4670471712438200e-2,2.5968473859790297e-2,-2.4673333301756141e-6,4.9665423865683939e-6,-2.0147088192219934e-5,3.2763179141484373e-5,83,3.7853513911807773e-2,2.8481642179141484e-2,3.7873660999999996e-2,2.8448879000000000e-2,0,0,none,none,0,,1.8330000000332802e-3,6.0583000000065113e-2,6.4183300000001964e-1,6.1241599999993923e-1,2.4590000000443979e-3,1.1834000000021661e-2,1.7080000000078144e-3,2.3667000000045846e-2
84,1.3999999999999999e+0,1.3999999999999999e+0,280,track,1,1,3.1025271299930733e+2,2.4754964211498501e+2,3.0991055456171734e-1,3.4670593707637920e-2,2.5968680927226463e-2,-1.0990401362979198e-6,6.0091503766088274e-6,-3.8699959673433003e-5,1.8451456901510062e-5,84,3.7834961040326562e-2,2.8467330456901509e-2,3.7873660999999996e-2,2.8448879000000000e-2,0,0,none,none,0,,1.3750000000527507e-3,2.0290999999929227e-2,6.3216599999998380e-1,6.1441600000000562e-1,1.3749999999390639e-3,6.8340000000262080e-3,1.0830000001078588e-3,1.3002000000142289e-2
85,1.4166666666666667e+0,1.4199999999999999e+0,284,track,1,1,3.1025271299930733e+2,2.4754964211498501e+2,3.0991055456171734e-1,3.4670703137539505e-2,2.5968850546672178e-2,-2.7445996030453513e-8,6.5918664290728453e-6,-5.7272839714104135e-5,4.1051017911652910e-6,85,3.7816388160285895e-2,2.8452984101791166e-2,3.7873660999999996e-2,2.8448879000000000e-2,0,0,none,none,0,,1.3330000000451037e-3,4.2541000000028362e-2,6.2762499999996635e-1,6.1145799999997053e-1,1.4580000000705695e-3,6.2920000000303844e-3,9.1699999995853432e-4,1.2834999999995489e-2
86,1.4333333333333333e+0,1.4350000000000001e+0,287,track,1,1,3.1025271299930733e+2,2.4754964211498501e+2,3.0991055456171734e-1,3.4670799334376667e-2,2.5968986072938328e-2,7.8332810152793261e-7,6.8071279314792540e-6,-7.5863942664916166e-5,-1.0270955145364786e-5,86,3.7797797057335082e-2,2.8438608044854635e-2,3.7873660999999996e-2,2.8448879000000000e-2,0,0,none,none,0,,1.2910000000374566e-3,1.5499999999974534e-2,5.9870799999998781e-1,5.7808299999999235e-1,1.1250000000018190e-3,6.5420000000813161e-3,9.9999999997635314e-4,1.0834000000045307e-2
87,1.4500000000000000e+0,1.4500000000000000e+0,290,track,1,1,3.1025271299930733e+2,2.4754964211498501e+2,3.0991055456171734e-1,3.4670882245416479e-2,2.5969091205655690e-2,1.3693041604024487e-6,6.7373414026802876e-6,-9.4471402166003120e-5,-2.4672066630261147e-5,87,3.7779189597833995e-2,2.8424206933369740e-2,3.7873660999999996e-2,2.8448879000000000e-2,0,0,none,none,0,,1.4169999999467109e-3,1.6082999999980530e-2,6.0279199999990851e-1,5.8775000000002819e-1,1.1670000000094660e-3,6.1660000000074433e-3,1.0829999999941720e-3,1.1042000000202279e-2
88,1.4666666666666666e+0,1.4700000000000000e+0,294,track,1,1,3.1025271299930733e+2,2.4754964211498501e+2,3.0991055456171734e-1,3.4670952284521661e-2,2.5969169778702120e-2,1.7653820632734185e-6,6.4545185066113755e-6,-1.1309333642988271e-4,-3.9093942406228799e-5,88,3.7760567663570110e-2,2.8409785057593770e-2,3.7873660999999996e-2,2.8448879000000000e-2,0,0,none,none,0,,1.2910000000374566e-3,1.4166000000045642e-2,5.9950000000003456e-1,5.8604199999990669e-1,9.5799999996870611e-4,5.4579999999759821e-3,9.5800000008239294e-4,1.1959999999930915e-2
89,1.4833333333333334e+0,1.4850000000000001e+0,297,track,1,1,3.1025271299930733e+2,2.4754964211498501e+2,3.0991055456171734e-1,3.4671010204045061e-2,2.5969225596481606e-2,2.0044218322576723e-6,6.0203559653357497e-6,-1.3172790122882838e-4,-5.3532695186751137e-5,89,3.7741933098771170e-2,2.8395346304813249e-2,3.7873660999999996e-2,2.8448879000000000e-2,0,0,none,none,0,,1.2910000000374566e-3,1.3874999999984539e-2,6.0516700000005130e-1,5.9241599999995742e-1,9.5799999996870611e-4,5.2919999999403444e-3,9.9999999997635314e-4,1.0208999999804291e-2
90,1.5000000000000000e+0,1.5000000000000000e+0,300,track,1,1,3.1025271299930733e+2,2.4754964211498501e+2,3.0991055456171734e-1,3.4671056986447013e-2,2.5969262311201811e-2,2.1166197234788674e-6,5.4866482113908597e-6,-1.5037333124331460e-4,-6.7984863923047919e-5,90,3.7723287668756683e-2,2.8380894136076952e-2,3.7873660999999996e-2,2.8448879000000000e-2,0,0,none,none,0,,1.2920000000349319e-3,1.3666999999941254e-2,6.0616700000002766e-1,5.9391600000003564e-1,8.7500000006457412e-4,5.1670000000285654e-3,9.1699999995853432e-4,9.6239999999170323e-3
91,1.5166666666666666e+0,1.5200000000000000e+0,304,track,1,1,3.1025271299930733e+2,2.4754964211498501e+2,3.0991055456171734e-1,3.4671093754544913e-2,2.5969283335326495e-2,2.1291276786781158e-6,4.8959374093235662e-6,-1.6902797078061430e-4,-8.2447418736993571e-5,91,3.7704633029219378e-2,2.8366431581263007e-2,3.7873660999999996e-2,2.8448879000000000e-2,0,0,none,none,0,,1.2500000000272848e-3,1.3500000000021828e-2,6.0329100000001290e-1,5.9129199999995308e-1,8.3400000005440234e-4,5.2500000000463842e-3,9.1599999996105907e-4,9.9999999999909051e-3
92,1.5333333333333334e+0,1.5349999999999999e+0,307,track,1,1,3.1025271299930733e+2,2.4754964211498501e+2,3.0991055456171734e-1,3.4671121698876206e-2,2.5969291783600457e-2,2.0658697118539535e-6,4.2823206658833473e-6,-1.8769029499941738e-4,-9.6917751501423110e-5,92,3.7685970705000578e-2,2.8351961248498578e-2,3.7873660999999996e-2,2.8448879000000000e-2,0,0,none,none,0,,1.2910000000374566e-3,1.3500000000021828e-2,6.0783400000002530e-1,5.9570799999994506e-1,9.1700000007222116e-4,5.2910000000565560e-3,9.1700000007222116e-4,9.8749999999654392e-3
93,1.5500000000000000e+0,1.5500000000000000e+0,310,track,1,1,3.1025271299930733e+2,2.4754964211498501e+2,3.0991055456171734e-1,3.4671142020505030e-2,2.5969290439403239e-2,1.9475133877892119e-6,3.6723484660341518e-6,-2.0635892297183141e-4,-1.1139365562350442e-4,93,3.7667302077028161e-2,2.8337485344376495e-2,3.7873660999999996e-2,2.8448879000000000e-2,0,0,none,none,0,,1.2909999999237698e-3,1.3249999999970896e-2,6.0466699999994944e-1,5.9250000000008640e-1,7.9200000004675530e-4,5.2500000000463842e-3,9.1599999996105907e-4,1.0292000000049484e-2
94,1.5666666666666667e+0,1.5700000000000001e+0,314,track,1,1,3.1025271299930733e+2,2.4754964211498501e+2,3.0991055456171734e-1,3.4671155887428640e-2,2.5969281740637805e-2,1.7915594484931318e-6,3.0859613691096498e-6,-2.2503262384719413e-4,-1.2587329813395899e-4,94,3.7648628376152800e-2,2.8323005701866039e-2,3.7873660999999996e-2,2.8448879000000000e-2,0,0,none,none,0,,1.2089999999034262e-3,1.3207999999963249e-2,6.0449999999991633e-1,5.9225000000003547e-1,8.7500000006457412e-4,5.2500000000463842e-3,9.1699999995853432e-4,1.0583000000110587e-2
95,1.5833333333333333e+0,1.5850000000000000e+0,317,track,1,1,3.1025271299930733e+2,2.4754964211498501e+2,3.0991055456171734e-1,3.4671164402771737e-2,2.5969267780864398e-2,1.6125177247478826e-6,2.5374236308371256e-6,-2.4371031739083210e-4,-1.4035518672846203e-4,95,3.7629950682609166e-2,2.8308523813271539e-2,3.7873660999999996e-2,2.8448879000000000e-2,0,0,none,none,0,,1.3340000000425789e-3,1.4416999999980362e-2,6.2099999999998090e-1,6.0850000000004911e-1,1.0419999999840002e-3,5.2500000000463842e-3,9.5799999996870611e-4,1.0332000000062180e-2
96,1.6000000000000001e+0,1.6000000000000001e+0,320,track,1,1,3.1025271299930733e+2,2.4754964211498501e+2,3.0991055456171734e-1,3.4671168582956824e-2,2.5969250321916833e-2,1.4221422016887060e-6,2.0362226185044782e-6,-2.6239107008522376e-4,-1.5483813396574287e-4,96,3.7611269929914773e-2,2.8294040866034258e-2,3.7873660999999996e-2,2.8448879000000000e-2,0,0,none,none,0,,1.2500000000272848e-3,1.3291999999978543e-2,6.0299999999995180e-1,5.9087499999998272e-1,7.9200000004675530e-4,5.2079999999250504e-3,9.5799999996870611e-4,9.6660000000383661e-3
97,1.6166666666666667e+0,1.6200000000000001e+0,324,track,1,1,3.1025271299930733e+2,2.4754964211498501e+2,3.0991055456171734e-1,3.4671169344173691e-2,2.5969230814765661e-2,1.2297027735706595e-6,1.5879116595721948e-6,-2.8107408786591731e-4,-1.6932122041195713e-4,97,3.7592586912134081e-2,2.8279557779588044e-2,3.7873660999999996e-2,2.8448879000000000e-2,0,0,none,none,0,,1.2500000000272848e-3,1.3333999999986190e-2,6.1708299999997962e-1,6.0333300000002055e-1,9.9999999997635314e-4,5.6250000000090949e-3,9.9999999997635314e-4,9.7910000000638320e-3
98,1.6333333333333333e+0,1.6350000000000000e+0,327,track,1,1,3.1025271299930733e+2,2.4754964211498501e+2,3.0991055456171734e-1,3.4671167495574196e-2,2.5969210425901189e-2,1.0422754814411183e-6,1.1948813575185000e-6,-2.9975870642232175e-4,-1.8380375814186620e-4,98,3.7573902293577675e-2,2.8265075241858135e-2,3.7873660999999996e-2,2.8448879000000000e-2,0,0,none,none,0,,1.2920000000349319e-3,1.3832999999976892e-2,6.0720800000001418e-1,5.9345799999994142e-1,8.3299999994324025e-4,6.9170000000440268e-3,9.5800000008239294e-4,1.0375000000067303e-2
99,1.6499999999999999e+0,1.6499999999999999e+0,330,track,1,1,3.1025271299930733e+2,2.4754964211498501e+2,3.0991055456171734e-1,3.4671163737789001e-2,2.5969190066987072e-2,8.6503674003341519e-7,8.5705050746135063e-7,-3.1844437993747772e-4,-1.9828525566872892e-4,99,3.7555216620062518e-2,2.8250593744331271e-2,3.7873660999999996e-2,2.8448879000000000e-2,0,0,none,none,0,,1.2500000000272848e-3,1.3416000000006534e-2,6.0354199999994762e-1,5.9145800000010240e-1,8.3300000005692709e-4,5.1670000000285654e-3,9.1599999996105907e-4,9.4179999999823849e-3
100,1.6666666666666667e+0,1.6699999999999999e+0,334,track,1,1,3.1025271299930733e+2,2.4754964211498501e+2,3.0991055456171734e-1,3.4671158665501522e-2,2.5969170425972896e-2,7.0155056896442084e-7,5.7247265572702938e-7,-3.3713066889519774e-4,-2.1276538507927818e-4,100,3.7536530331104795e-2,2.8236113614920722e-2,3.7873660999999996e-2,2.8448879000000000e-2,0,0,none,none,0,,1.2500000000272848e-3,1.3124999999945430e-2,6.0800000000006094e-1,5.9604100000001381e-1,7.9200000004675530e-4,5.0419999998894127e-3,9.5800000008239294e-4,9.7079999999323263e-3
101,1.6833333333333333e+0,1.6850000000000001e+0,337,track,1,1,3.1025271299930733e+2,2.4754964211498501e+2,3.0991055456171734e-1,3.4671152773023906e-2,2.5969151998246835e-2,5.5404076971827471e-7,3.3785819468314255e-7,-3.5581722757967144e-4,-2.2724395189769697e-4,101,3.7517843772420324e-2,2.8221635048102302e-2,3.7873660999999996e-2,2.8448879000000000e-2,0,0,none,none,0,,1.2500000000272848e-3,1.3041999999927611e-2,6.0820899999998801e-1,5.9625000000005457e-1,8.3299999994324025e-4,5.1249999999072315e-3,9.1600000007474591e-4,9.4990000000052532e-3
102,1.7000000000000000e+0,1.7000000000000000e+0,340,track,1,1,3.1025271299930733e+2,2.4754964211498501e+2,3.0991055456171734e-1,3.4671146461933589e-2,2.5969135116754746e-2,4.2364232665024334e-7,1.4901479524759759e-7,-3.7450379167860883e-4,-2.4172086799160287e-4,102,3.7499157208321386e-2,2.8207158132008397e-2,3.7873660999999996e-2,2.8448879000000000e-2,0,0,none,none,0,,1.2500000000272848e-3,1.9709000000034393e-2,6.1520800000005238e-1,6.0275000000001455e-1,9.1700000007222116e-4,5.2500000000463842e-3,9.5799999996870611e-4,9.8329999999577922e-3
103,1.7166666666666666e+0,1.7200000000000000e+0,344,track,1,1,3.1025271299930733e+2,2.4754964211498501e+2,3.0991055456171734e-1,3.4671140050013705e-2,2.5969119980309548e-2,3.1062863243726084e-7,1.2110836451661296e-9,-3.9319016636108937e-4,-2.5619612766129303e-4,103,3.7480470833638910e-2,2.8192682872338708e-2,3.7873660999999996e-2,2.8448879000000000e-2,0,0,none,none,0,,1.3329999999314168e-3,1.4499999999998181e-2,6.1750000000006366e-1,6.0395900000003166e-1,9.9999999997635314e-4,5.8749999999463398e-3,9.9999999997635314e-4,1.3791999999966720e-2
104,1.7333333333333334e+0,1.7350000000000001e+0,347,track,1,1,3.1025271299930733e+2,2.4754964211498501e+2,3.0991055456171734e-1,3.4671133780861396e-2,2.5969106679566232e-2,2.1461258704220887e-7,-1.1053010821031674e-7,-4.1187621508331442e-4,-2.7066978691729041e-4,104,3.7461784784916678e-2,2.8178209213082710e-2,3.7873660999999996e-2,2.8448879000000000e-2,0,0,none,none,0,,1.2920000000349319e-3,1.4374999999972715e-2,6.7700000000002092e-1,6.4412500000003092e-1,2.6659999999765205e-3,8.8329999999814390e-3,9.2499999999517968e-3,1.1334000000033484e-2
105,1.7500000000000000e+0,1.7500000000000000e+0,350,track,1,1,3.1025271299930733e+2,2.4754964211498501e+2,3.0991055456171734e-1,3.4671127833696858e-2,2.5969095220345569e-2,1.3472118437310979e-7,-1.9120173037984940e-7,-4.3056184928532581e-4,-2.8514194584705946e-4,105,3.7443099150714670e-2,2.8163737054152940e-2,3.7873660999999996e-2,2.8448879000000000e-2,0,0,none,none,0,,1.6249999999899956e-3,2.2334000000000742e-2,6.2908299999992323e-1,6.1187499999994088e-1,1.2499999999135980e-3,6.7500000000109139e-3,1.2920000000349319e-3,1.4833999999950720e-2
106,1.7666666666666666e+0,1.7700000000000000e+0,354,track,1,1,3.1025271299930733e+2,2.4754964211498501e+2,3.0991055456171734e-1,3.4671122332968096e-2,2.5969085544157725e-2,6.9743994294861166e-8,-2.4563814848354419e-7,-4.4924701908584841e-4,-2.9961273389519531e-4,106,3.7424413980914145e-2,2.8149266266104804e-2,3.7873660999999996e-2,2.8448879000000000e-2,0,0,none,none,0,,1.2919999999212450e-3,1.6082999999980530e-2,6.1083400000006804e-1,5.9624999999994088e-1,1.0829999999941720e-3,5.9160000000701984e-3,9.1700000007222116e-4,1.1581999999975778e-2
107,1.7833333333333334e+0,1.7849999999999999e+0,357,track,1,1,3.1025271299930733e+2,2.4754964211498501e+2,3.0991055456171734e-1,3.4671117357476078e-2,2.5969077545908794e-2,1.8256937676815786e-8,-2.7838878534036514e-7,-4.6793170504007552e-4,-3.1408229782893836e-4,107,3.7405729294959923e-2,2.8134796702171061e-2,3.7873660999999996e-2,2.8448879000000000e-2,0,0,none,none,0,,1.2090000000171131e-3,1.4708000000041466e-2,6.1099999999999000e-1,5.9775000000001910e-1,9.1700000007222116e-4,5.4169999999658103e-3,8.3300000005692709e-4,1.0625000000004547e-2
108,1.8000000000000000e+0,1.8000000000000000e+0,360,track,1,1,3.1025271299930733e+2,2.4754964211498501e+2,3.0991055456171734e-1,3.4671112948837290e-2,2.5969071088873745e-2,-2.1276905699268836e-8,-2.9363235899208426e-7,-4.8661591096597662e-4,-3.2855079212810231e-4,108,3.7387045089034017e-2,2.8120328207871897e-2,3.7873660999999996e-2,2.8448879000000000e-2,0,0,none,none,0,,1.2920000000349319e-3,1.4083999999911612e-2,6.0241600000006201e-1,5.8950000000004366e-1,8.7500000006457412e-4,5.5830000000014479e-3,7.9200000004675530e-4,1.0957999999959611e-2
109,1.8166666666666667e+0,1.8200000000000001e+0,364,track,1,1,3.1025271299930733e+2,2.4754964211498501e+2,3.0991055456171734e-1,3.4671109119141619e-2,2.5969066017092136e-2,-5.0427236092754185e-8,-2.9512472942007600e-7,-5.0529965777468754e-4,-3.4301837152227107e-4,109,3.7368361342225306e-2,2.8105860628477728e-2,3.7873660999999996e-2,2.8448879000000000e-2,0,0,none,none,0,,1.2079999999059510e-3,1.3665999999943779e-2,6.1275000000000546e-1,5.9683300000006057e-1,8.7499999995088729e-4,8.7079999999559732e-3,8.7499999995088729e-4,1.0085000000003674e-2
110,1.8333333333333333e+0,1.8350000000000000e+0,367,track,1,1,3.1025271299930733e+2,2.4754964211498501e+2,3.0991055456171734e-1,3.4671105857759343e-2,2.5969062165392853e-2,-7.0734926544952465e-8,-2.8617392549897395e-7,-5.2398297831176860e-4,-3.5748518539467378e-4,110,3.7349678021688225e-2,2.8091393814605327e-2,3.7873660999999996e-2,2.8448879000000000e-2,0,0,none,none,0,,1.3339999999288921e-3,1.4417000000094049e-2,6.1795800000004419e-1,6.0320799999999508e-1,1.0419999999840002e-3,5.5830000000014479e-3,1.0829999999941720e-3,1.0040999999773703e-2
111,1.8500000000000001e+0,1.8500000000000001e+0,370,track,1,1,3.1025271299930733e+2,2.4754964211498501e+2,3.0991055456171734e-1,3.4671103137245751e-2,2.5969059367284650e-2,-8.3666445300295086e-8,-2.6963656570809461e-7,-5.4266591307334795e-4,-3.7195137377889860e-4,111,3.7330995086926645e-2,2.8076927626221101e-2,3.7873660999999996e-2,2.8448879000000000e-2,0,0,none,none,0,,1.3329999999314168e-3,1.4999999999986358e-2,6.2008300000002237e-1,6.0695799999996325e-1,8.7499999995088729e-4,5.4999999999836291e-3,9.1600000007474591e-4,9.9180000000842483e-3
112,1.8666666666666667e+0,1.8700000000000001e+0,374,track,1,1,3.1025271299930733e+2,2.4754964211498501e+2,3.0991055456171734e-1,3.4671100918391318e-2,2.5969057460964368e-2,-9.0581949317270441e-8,-2.4793056901062134e-7,-5.6134850677423416e-4,-3.8641706468858116e-4,112,3.7312312493225759e-2,2.8062461935311419e-2,3.7873660999999996e-2,2.8448879000000000e-2,0,0,none,none,0,,5.8340000000498549e-3,1.5166000000021995e-2,6.3137499999993452e-1,6.1808400000006714e-1,9.5800000008239294e-4,5.4579999999759821e-3,9.5799999996870611e-4,1.0375999999951091e-2
113,1.8833333333333333e+0,1.8850000000000000e+0,377,track,1,1,3.1025271299930733e+2,2.4754964211498501e+2,3.0991055456171734e-1,3.4671099154431673e-2,2.5969056293697425e-2,-9.2714792192971066e-8,-2.2305974263562634e-7,-5.8003080562089090e-4,-4.0088237253950839e-4,113,3.7293630194379104e-2,2.8047996627460492e-2,3.7873660999999996e-2,2.8448879000000000e-2,0,0,none,none,0,,9.1699999995853432e-4,1.3708999999948901e-2,6.2087499999995543e-1,6.0575000000005730e-1,7.9099999993559322e-4,5.2089999999225256e-3,8.7500000006457412e-4,9.7900000000663567e-3
114,1.8999999999999999e+0,1.8999999999999999e+0,380,track,1,1,3.1025271299930733e+2,2.4754964211498501e+2,3.0991055456171734e-1,3.4671097794486627e-2,2.5969055724818592e-2,-9.1160400933504912e-8,-1.9664650590845293e-7,-5.9871285523818035e-4,-4.1534739744605425e-4,114,3.7274948144761816e-2,2.8033531602553945e-2,3.7873660999999996e-2,2.8448879000000000e-2,0,0,none,none,0,,9.5799999996870611e-4,1.3500000000021828e-2,6.2008300000002237e-1,6.0787500000003547e-1,8.7499999995088729e-4,5.1660000000310902e-3,8.7500000006457412e-4,9.7100000000409636e-3
115,1.9166666666666667e+0,1.9199999999999999e+0,384,track,1,1,3.1029916897506928e+2,2.4754986149584488e+2,3.0998211091234346e-1,3.4674825175368795e-2,2.5969038335983064e-2,3.1188323555786371e-5,-3.1501843558093364e-7,-6.1455094539112742e-4,-4.2982541402171432e-4,115,3.7259110054608871e-2,2.8019053585978285e-2,3.7873660999999996e-2,2.8448879000000000e-2,0,0,none,none,0,,9.1700000007222116e-4,2.5499999999965439e-2,6.1533299999996416e-1,6.0299999999995180e-1,8.7499999995088729e-4,5.3749999999581632e-3,8.7499999995088729e-4,9.9999999999909051e-3
116,1.9333333333333333e+0,1.9350000000000001e+0,387,track,1,1,3.1035737364412648e+2,2.4755100392337872e+2,3.1005366726296957e-1,3.4682707357079678e-2,2.5968932432710309e-2,9.2946836311069605e-5,-1.1593351595711270e-6,-6.2733135793961226e-4,-4.4437057644751302e-4,116,3.7246329642060386e-2,2.8004508423552486e-2,3.7873660999999996e-2,2.8448879000000000e-2,0,0,none,none,0,,9.1700000007222116e-4,1.4041000000020176e-2,6.1379199999998946e-1,6.0016699999994216e-1,7.4999999992542143e-4,6.8340000000262080e-3,8.7500000006457412e-4,1.2208999999984371e-2
117,1.9500000000000000e+0,1.9500000000000000e+0,390,track,1,1,3.1041614691614694e+2,2.4755105105105105e+2,3.0976744186046512e-1,3.4694158975858258e-2,2.5968838369423129e-2,1.7601294773057557e-4,-1.7862923992574589e-6,-6.3760159955560602e-4,-4.5890378099192329e-4,117,3.7236059400444388e-2,2.7989975219008076e-2,3.7873660999999996e-2,2.8448879000000000e-2,0,0,none,none,0,,9.5800000008239294e-4,1.3624999999933607e-2,6.1954200000002402e-1,6.0145799999997962e-1,7.5000000003910827e-4,1.1124999999992724e-2,9.1700000007222116e-4,1.1457999999947788e-2
118,1.9666666666666666e+0,1.9700000000000000e+0,394,track,1,1,3.1046858396858397e+2,2.4755128205128204e+2,3.0976744186046512e-1,3.4665434970664322e-2,2.5968741196046832e-2,-8.9543088517936992e-5,-2.3516855532855554e-6,-5.4566776843153423e-4,-4.7343739500742965e-4,118,3.7153460231568465e-2,2.7975441604992570e-2,3.7699127999999998e-2,2.8448879000000000e-2,0,0,none,none,0,,3.5000000000309228e-3,1.6833000000019638e-2,6.5737500000000182e-1,6.4170799999999417e-1,1.0419999999840002e-3,7.5830000000678410e-3,9.5800000008239294e-4,1.2417000000027656e-2
119,1.9833333333333334e+0,1.9850000000000001e+0,397,track,1,1,3.1052033741622370e+2,2.4751733302519065e+2,3.0962432915921290e-1,3.4644535840833157e-2,2.5971384687232150e-2,-2.5233451050579806e-4,2.0151740917950976e-5,-5.8511172714173520e-4,-4.8587899976786547e-4,119,3.7114016272858263e-2,2.7963000000232136e-2,3.7699127999999998e-2,2.8448879000000000e-2,0,0,none,none,0,,1.3339999999288921e-3,1.4042000000017651e-2,6.1649999999997362e-1,6.0470800000007330e-1,8.7500000006457412e-4,4.8750000000836735e-3,9.1600000007474591e-4,9.5410000000129003e-3
120,2,2,400,track,1,1,3.1057436489607392e+2,2.4747113163972287e+2,3.0983899821109123e-1,3.4631027006618353e-2,2.5977372960887642e-2,-3.3037391208572212e-4,6.7566393567836683e-5,-6.1729407690260083e-4,-4.9584997124256123e-4,120,3.7081833923097399e-2,2.7953029028757438e-2,3.7699127999999998e-2,2.8448879000000000e-2,0,0,none,none,0,,1.0419999999840002e-3,1.6417000000046755e-2,6.2562500000001364e-1,6.1279200000001310e-1,9.9999999997635314e-4,4.9999999999954525e-3,9.9999999997635314e-4,1.0374999999953616e-2
121,2.0166666666666666e+0,2.0200000000000000e+0,404,track,1,1,3.1066947587162321e+2,2.4742380512583699e+2,3.0991055456171734e-1,3.4627467957049518e-2,2.5986293290310922e-2,-3.1404017992025287e-4,1.3294740526372016e-4,-6.4078429300253774e-4,-5.0374836810982045e-4,121,3.7058343706997461e-2,2.7945130631890178e-2,3.7699127999999998e-2,2.8448879000000000e-2,0,0,none,none,0,,8.3300000005692709e-4,1.3958000000002357e-2,6.1762499999997544e-1,6.0595799999998690e-1,9.1599999996105907e-4,4.5410000000174477e-3,9.1599999996105907e-4,9.7910000000638320e-3
122,2.0333333333333332e+0,2.0350000000000001e+0,407,track,1,1,3.1079170506912442e+2,2.4738387096774193e+2,3.1540697674418605e-1,3.4634793420254439e-2,2.5997062841611428e-2,-2.0868642995830204e-4,2.0469972382938865e-4,-6.5537009913090700e-4,-5.1045332556267113e-4,122,3.7043757900869091e-2,2.7938425674437328e-2,3.7699127999999998e-2,2.8448879000000000e-2,0,0,none,none,0,,7.9099999993559322e-4,1.3874999999984539e-2,6.1833300000000690e-1,6.0270800000000690e-1,3.1249999999545253e-3,5.2500000000463842e-3,9.1699999995853432e-4,9.5850000000154978e-3
123,2.0499999999999998e+0,2.0499999999999998e+0,410,track,1,1,3.1092169789498035e+2,2.4734362711080269e+2,3.2430607651912979e-1,3.4652088989282959e-2,2.6009335043047317e-2,-3.4428650829473271e-5,2.7902541844175989e-4,-6.6218117126612321e-4,-5.1623797382234200e-4,123,3.7036946828733874e-2,2.7932641026177658e-2,3.7699127999999998e-2,2.8448879000000000e-2,0,0,none,none,0,,7.9099999993559322e-4,1.9082999999909589e-2,6.6308300000002873e-1,6.2091699999996308e-1,9.5799999996870611e-4,3.3791999999948530e-2,1.0000000000900400e-3,1.0293000000046959e-2
124,2.0666666666666669e+0,2.0699999999999998e+0,414,track,1,1,3.1102613320999075e+2,2.4730989824236818e+2,3.2969881814715973e-1,3.4633103033042900e-2,2.6022252394198097e-2,-1.8887697932261349e-4,3.4837166291915933e-4,-5.6369295203456704e-4,-5.2175142720911247e-4,124,3.6960902047965434e-2,2.7927127572790887e-2,3.7524595000000001e-2,2.8448879000000000e-2,0,0,none,none,0,,7.5000000003910827e-4,1.5332999999941421e-2,6.2287499999990814e-1,6.0874999999998636e-1,9.1699999995853432e-4,6.2500000000227374e-3,1.0409999999865249e-3,1.3209000000188098e-2
125,2.0833333333333335e+0,2.0850000000000000e+0,417,track,1,1,3.1111653961653963e+2,2.4727546777546777e+2,3.1960132890365450e-1,3.4624064890344641e-2,2.6035650782799950e-2,-2.3828623883433310e-4,4.1205797876609060e-4,-5.9497010188835821e-4,-5.2708768383546371e-4,125,3.6929624898111642e-2,2.7921791316164537e-2,3.7524595000000001e-2,2.8448879000000000e-2,0,0,none,none,0,,7.5000000003910827e-4,1.5708000000017819e-2,6.2566700000002129e-1,6.1391700000001492e-1,8.7499999995088729e-4,4.5830000000250948e-3,8.3300000005692709e-4,1.0458999999968910e-2
126,2.1000000000000001e+0,2.1000000000000001e+0,420,track,1,1,3.1118121968121966e+2,2.4725005775005775e+2,3.1960132890365450e-1,3.4621802992287343e-2,2.6048617549736607e-2,-2.2394595011568548e-4,4.6321991698101240e-4,-6.1951318297896805e-4,-5.3291151018684173e-4,126,3.6905081817021033e-2,2.7915967489813159e-2,3.7524595000000001e-2,2.8448879000000000e-2,0,0,none,none,0,,7.9200000004675530e-4,1.3791000000082931e-2,6.5170799999998508e-1,6.3945799999999053e-1,9.1699999995853432e-4,5.0840000000107466e-3,8.7500000006457412e-4,9.5010000000002037e-3
127,2.1166666666666667e+0,2.1200000000000001e+0,424,track,1,1,3.1127713625866051e+2,2.4722909930715934e+2,3.1468023255813954e-1,3.4627975219631679e-2,2.6018110569567092e-2,-1.4086176166459605e-4,1.4255416435418492e-4,-6.3653889832490597e-4,-4.3887722902416547e-4,127,3.6888056101675094e-2,2.7835468770975834e-2,3.7524595000000001e-2,2.8274345999999999e-2,0,0,none,none,0,,7.9100000004928006e-4,1.5291999999931249e-2,6.5170899999998255e-1,6.3837499999999636e-1,9.1699999995853432e-4,5.2089999999225256e-3,9.5799999996870611e-4,1.0332999999945969e-2
128,2.1333333333333333e+0,2.1349999999999998e+0,427,track,1,1,3.1138724925063406e+2,2.4720855430020751e+2,3.1518895348837211e-1,3.4642523391539726e-2,2.5992665520540525e-2,8.6743423277684190e-7,-9.0818938336327011e-5,-6.4653252721381894e-4,-4.7808781453527569e-4,128,3.6878062472786181e-2,2.7796258185464724e-2,3.7524595000000001e-2,2.8274345999999999e-2,0,0,none,none,0,,6.6700000002128945e-4,1.8541000000027452e-2,7.1716699999990396e-1,6.9254100000000562e-1,1.5829999999823485e-3,5.5839999999989232e-3,1.0409999999865249e-3,1.1041000000091117e-2
129,2.1499999999999999e+0,2.1499999999999999e+0,430,track,1,1,3.1149192059095105e+2,2.4718490304709141e+2,3.0998211091234346e-1,3.4663703445486860e-2,2.5972394598607406e-2,1.7841279702804209e-4,-2.4816233283033834e-4,-6.5117898488888451e-4,-5.1144760852377439e-4,129,3.6873416015111113e-2,2.7762898391476224e-2,3.7524595000000001e-2,2.8274345999999999e-2,0,0,none,none,0,,7.4999999992542143e-4,1.7500000000040927e-2,6.4879199999995762e-1,6.3620800000001054e-1,1.0419999999840002e-3,4.7909999999546926e-3,9.5900000007986819e-4,1.1583000000086940e-2
130,2.1666666666666665e+0,2.1699999999999999e+0,434,track,1,1,3.1158104363888248e+2,2.4712595243592705e+2,3.1974898486526393e-1,3.4646465455253406e-2,2.5959823515264886e-2,8.8704641630895980e-6,-3.1891880852550009e-4,-5.5195071432055133e-4,-5.3753848753926097e-4,130,3.6798111285679447e-2,2.7736807512460739e-2,3.7350061999999996e-2,2.8274345999999999e-2,0,0,none,none,0,,6.6700000002128945e-4,1.4084000000025299e-2,6.2062500000001819e-1,6.0858400000006441e-1,8.3300000005692709e-4,5.3339999999479915e-3,8.7499999995088729e-4,9.7489999999424981e-3
131,2.1833333333333331e+0,2.1850000000000001e+0,437,track,1,1,3.1164748035136387e+2,2.4703698566805363e+2,3.2985131528783834e-1,3.4636634125789101e-2,2.5956570096253743e-2,-7.4838749288740162e-5,-3.0162282553394625e-4,-5.8418869390878874e-4,-5.5561731924078008e-4,131,3.6765873306091205e-2,2.7718728680759218e-2,3.7350061999999996e-2,2.8274345999999999e-2,0,0,none,none,0,,7.0800000003146124e-4,1.4374999999972715e-2,6.4025000000003729e-1,6.2850000000003092e-1,9.5800000008239294e-4,4.9170000000913205e-3,8.7500000006457412e-4,9.8759999999629144e-3
132,2.2000000000000002e+0,2.2000000000000002e+0,440,track,1,1,3.1170120259019427e+2,2.4693709528214617e+2,3.2969881814715973e-1,3.4632460871705462e-2,2.5962343714817759e-2,-9.9382699978486095e-5,-2.1102258739182030e-4,-6.1027147092094581e-4,-5.6635250826587893e-4,132,3.6739790529079053e-2,2.7707993491734119e-2,3.7350061999999996e-2,2.8274345999999999e-2,0,0,none,none,0,,7.5000000003910827e-4,1.4499999999998181e-2,6.2095800000008694e-1,6.1024999999995089e-1,8.3300000005692709e-4,4.2500000000700311e-3,8.7499999995088729e-4,9.6680000000333166e-3
133,2.2166666666666668e+0,2.2200000000000002e+0,444,track,1,1,3.1178135828135828e+2,2.4683079233079232e+2,3.2475618904726183e-1,3.4635430249364774e-2,2.5976377276778376e-2,-6.0580036519638509e-5,-6.3801198383114563e-5,-6.2956262184457395e-4,-5.7068080885491626e-4,133,3.6720499378155420e-2,2.7703665191145081e-2,3.7350061999999996e-2,2.8274345999999999e-2,0,0,none,none,0,,7.0800000003146124e-4,1.8125000000054570e-2,6.1883299999999508e-1,6.0862500000007458e-1,7.0800000003146124e-4,4.1669999999385254e-3,8.3300000005692709e-4,1.0207999999920503e-2
134,2.2333333333333334e+0,2.2349999999999999e+0,447,track,1,1,3.1188498845265588e+2,2.4672748267898385e+2,3.1967515688445919e-1,3.4646482391103461e-2,2.5954493417228892e-2,4.0599168882662563e-5,-2.3845180640118003e-4,-6.4179407934380605e-4,-4.6943515066157093e-4,134,3.6708267920656193e-2,2.7630377849338427e-2,3.7350061999999996e-2,2.8099812999999998e-2,0,-3.4906600000000947e-2,none,none,0,,6.2499999989995558e-4,1.3249999999970896e-2,6.2229200000001583e-1,6.1216699999999946e-1,7.0899999991524965e-4,4.1670000000522123e-3,8.3299999994324025e-4,9.5010000000002037e-3
135,2.2500000000000000e+0,2.2500000000000000e+0,450,track,1,1,3.1198612395929695e+2,2.4663899167437557e+2,3.3519379844961239e-1,3.4664225496882750e-2,2.5942855457065959e-2,1.8375929919781873e-4,-3.0273847263634536e-4,-6.4841986529923603e-4,-4.9774416796080352e-4,135,3.6701642134700757e-2,2.7602068832039195e-2,3.7350061999999996e-2,2.8099812999999998e-2,0,0,none,none,0,,7.0800000003146124e-4,1.3165999999955602e-2,6.2208400000008623e-1,6.0962500000005093e-1,7.0800000003146124e-4,4.1669999999385254e-3,3.1250000000682121e-3,1.0999999999967258e-2
136,2.2666666666666666e+0,2.2700000000000000e+0,454,track,1,1,3.1207284691757098e+2,2.4656880628030478e+2,3.3023255813953489e-1,3.4643764343828209e-2,2.5938881993519704e-2,-1.3567669193351070e-5,-2.9374462403364282e-4,-5.5083650428859458e-4,-5.1866722120720685e-4,136,3.6624692495711403e-2,2.7581145778792792e-2,3.7175528999999999e-2,2.8099812999999998e-2,0,0,none,none,0,,7.0900000002893648e-4,1.3125000000059117e-2,6.2049999999999272e-1,6.1033299999996871e-1,7.0799999991777440e-4,4.2089999999461725e-3,8.3300000005692709e-4,9.4579999998813946e-3
137,2.2833333333333332e+0,2.2850000000000001e+0,457,track,1,1,3.1214419302701452e+2,2.4648822442853844e+2,3.1974898486526393e-1,3.4631541313480341e-2,2.5942457851445139e-2,-1.1420241344339832e-4,-2.2268149216673599e-4,-5.8395323457556894e-4,-5.3279808102625061e-4,137,3.6591575765424433e-2,2.7567014918973749e-2,3.7175528999999999e-2,2.8099812999999998e-2,0,0,none,none,0,,7.0899999991524965e-4,1.2959000000023480e-2,6.1591700000008132e-1,6.0595799999998690e-1,7.0800000003146124e-4,4.1250000000445652e-3,8.3300000005692709e-4,9.1239999999288557e-3
138,2.2999999999999998e+0,2.2999999999999998e+0,460,track,1,1,3.1220288350634371e+2,2.4639296424452135e+2,3.1504360465116277e-1,3.4625746199790086e-2,2.5953698328853792e-2,-1.4684786271909934e-4,-9.7259605204258871e-5,-6.1024640942495406e-4,-5.4045635596107814e-4,138,3.6565282590575045e-2,2.7559356644038920e-2,3.7175528999999999e-2,2.8099812999999998e-2,0,0,none,none,0,,6.6700000002128945e-4,1.3207999999963249e-2,6.2612500000000182e-1,6.0966700000005858e-1,7.4999999992542143e-4,4.5840000000225700e-3,9.9999999997635314e-4,9.2500000000654836e-3
139,2.3166666666666669e+0,2.3199999999999998e+0,464,track,1,1,3.1229215686274512e+2,2.4630069204152250e+2,3.1504360465116277e-1,3.4628119733245200e-2,2.5971176309055030e-2,-1.0640743378608328e-4,6.2950109033070589e-5,-6.2892358516481405e-4,-5.4306368074921209e-4,139,3.6546605414835183e-2,2.7556749319250784e-2,3.7175528999999999e-2,2.8099812999999998e-2,0,0,none,none,0,,6.2499999989995558e-4,1.4167000000043117e-2,6.2583400000005440e-1,6.1529199999995399e-1,8.3400000005440234e-4,4.2920000000776781e-3,7.9199999993306847e-4,9.7079999999323263e-3
140,2.3333333333333335e+0,2.3350000000000000e+0,467,track,1,1,3.1240508083140878e+2,2.4621732101616630e+2,3.1468023255813954e-1,3.4639485309394757e-2,2.5993092314109123e-2,3.8079539470102649e-6,2.3798935408545494e-4,-6.3984518598988582e-4,-5.4221797327125450e-4,140,3.6535683814010116e-2,2.7557595026728745e-2,3.7175528999999999e-2,2.8099812999999998e-2,0,0,none,none,0,,6.2500000001364242e-4,1.8374999999991815e-2,6.0537499999998090e-1,5.9441700000002129e-1,7.9099999993559322e-4,4.7500000000582077e-3,8.3399999994071550e-4,1.0250000000041837e-2
141,2.3500000000000001e+0,2.3500000000000001e+0,470,track,1,1,3.1251778701778704e+2,2.4615118965118964e+2,3.1960132890365450e-1,3.4658510659067332e-2,2.5974533025976607e-2,1.6286770454117071e-4,4.9034260134354045e-5,-6.4444796331919463e-4,-4.3918100117322652e-4,141,3.6531081036680804e-2,2.7486098998826772e-2,3.7175528999999999e-2,2.7925279999999997e-2,0,0,none,none,0,,7.5000000003910827e-4,1.3250000000084583e-2,6.0000000000002274e-1,5.8512500000006185e-1,7.0799999991777440e-4,8.5420000000340224e-3,9.9999999997635314e-4,1.1707999999885033e-2
142,2.3666666666666667e+0,2.3700000000000001e+0,474,track,1,1,3.1261177829099307e+2,2.4610715935334872e+2,3.2483120780195046e-1,3.4639802310495682e-2,2.5961660230844563e-2,-1.6835267291659249e-5,-6.5803127802152941e-5,-5.4453261741648613e-4,-4.6895480204346598e-4,142,3.6456463382583515e-2,2.7456325197956530e-2,3.7000996000000001e-2,2.7925279999999997e-2,0,0,none,none,0,,4.7500000000582077e-3,1.4041000000020176e-2,6.3224999999999909e-1,6.2045899999998255e-1,8.7499999995088729e-4,4.8330000000760265e-3,8.7499999995088729e-4,1.0751999999911277e-2
143,2.3833333333333333e+0,2.3849999999999998e+0,477,track,1,1,3.1268598195697433e+2,2.4607113115891741e+2,3.2962256957682046e-1,3.4629355528494443e-2,2.5953376333546704e-2,-1.0211330904501178e-4,-1.2609201225603133e-4,-5.7535355766717342e-4,-4.9336579178823898e-4,143,3.6425642442332831e-2,2.7431914208211759e-2,3.7000996000000001e-2,2.7925279999999997e-2,0,0,none,none,0,,5.8300000000599539e-4,1.3958000000002357e-2,6.3254099999994651e-1,6.2175000000002001e-1,1.0419999999840002e-3,3.3750000000054570e-3,9.9999999997635314e-4,2.1667000000093140e-2
144,2.3999999999999999e+0,2.3999999999999999e+0,480,track,1,1,3.1273913043478262e+2,2.4601618871415357e+2,3.4087504927079226e-1,3.4624651680704943e-2,2.5950764853908018e-2,-1.2729492622768948e-4,-1.3036964103081201e-4,-5.9991708842265130e-4,-5.1205856889405233e-4,144,3.6401078911577352e-2,2.7413221431105944e-2,3.7000996000000001e-2,2.7925279999999997e-2,0,0,none,none,0,,6.6699999990760261e-4,1.4542000000005828e-2,6.2000000000000455e-1,6.1174999999991542e-1,8.7499999995088729e-4,1.8750000000409273e-3,8.3299999994324025e-4,1.0041000000001077e-2
145,2.4166666666666665e+0,2.4199999999999999e+0,484,track,1,1,3.1282015718908923e+2,2.4594752658344891e+2,3.2453113278319579e-1,3.4627282245123681e-2,2.5954246550350078e-2,-8.7432049228720085e-5,-8.2937268018595296e-5,-6.1751484740243446e-4,-5.2512974277979150e-4,145,3.6383481152597569e-2,2.7400150257220205e-2,3.7000996000000001e-2,2.7925279999999997e-2,0,0,none,none,0,,5.4199999999582360e-4,1.3541000000032000e-2,6.0595799999998690e-1,5.9829100000001745e-1,7.5000000003910827e-4,1.6660000000001673e-3,8.7499999995088729e-4,9.7930000000587825e-3
146,2.4333333333333331e+0,2.4350000000000001e+0,487,track,1,1,3.1292291666666665e+2,2.4586319444444445e+2,3.1395348837209303e-1,3.4638019048619739e-2,2.5964241666989359e-2,1.4856062462904296e-5,1.2500882228128258e-5,-6.2801819996134950e-4,-5.3261117621989718e-4,146,3.6372977800038654e-2,2.7392668823780098e-2,3.7000996000000001e-2,2.7925279999999997e-2,0,0,none,none,0,,6.2500000001364242e-4,1.3249999999970896e-2,6.2754199999994853e-1,6.1966700000004948e-1,7.9100000004928006e-4,1.7080000000078144e-3,8.3299999994324025e-4,9.6660000000383661e-3
147,2.4500000000000002e+0,2.4500000000000002e+0,490,track,1,1,3.1302278510293780e+2,2.4577758501040944e+2,3.2962256957682046e-1,3.4655436246753268e-2,2.5979866291984843e-2,1.5888140634154232e-4,1.4181868616210298e-4,-6.3291107379715372e-4,-5.3547510411772149e-4,147,3.6368084926202845e-2,2.7389804895882275e-2,3.7000996000000001e-2,2.7925279999999997e-2,0,0,none,none,0,,6.2500000001364242e-4,1.3000000000033651e-2,6.3241600000003473e-1,6.2487499999997453e-1,7.5000000003910827e-4,1.5420000000858636e-3,7.9199999993306847e-4,9.6669999998084677e-3
148,2.4666666666666668e+0,2.4700000000000002e+0,494,track,1,1,3.1310716763005780e+2,2.4570832369942195e+2,3.2445611402850710e-1,3.4677184970819397e-2,2.5998860355925527e-2,3.1910560738136252e-4,2.8132119325551219e-4,-5.0114083819275041e-4,-5.3565908469117721e-4,148,3.6325322161807248e-2,2.7389620915308818e-2,3.6826462999999997e-2,2.7925279999999997e-2,-3.4906599999998539e-2,0,none,none,0,,6.2499999989995558e-4,1.2791999999990367e-2,6.1749999999994998e-1,6.1000000000001364e-1,7.9200000004675530e-4,1.5420000000858636e-3,8.3299999994324025e-4,9.8330000000714790e-3
149,2.4833333333333334e+0,2.4849999999999999e+0,497,track,1,1,3.1317344110854503e+2,2.4565334872979216e+2,3.1967515688445919e-1,3.4658327364478936e-2,2.5976749899903891e-2,1.1630751803437764e-4,5.6519428562847257e-5,-5.3858653684715437e-4,-4.3406698631283917e-4,149,3.6287876463152839e-2,2.7316680013687158e-2,3.6826462999999997e-2,2.7750746999999999e-2,0,0,none,none,0,,5.8300000000599539e-4,1.2583000000063294e-2,6.1829199999999673e-1,6.1091699999997218e-1,7.4999999992542143e-4,1.5419999999721767e-3,7.9200000004675530e-4,9.3749999999772626e-3
150,2.5000000000000000e+0,2.5000000000000000e+0,500,track,1,1,3.1322144011077773e+2,2.4560616201246251e+2,3.1489825581395348e-1,3.4645373751038377e-2,2.5960994858923607e-2,-8.6130488482229455e-6,-8.3541848617274777e-5,-5.6915174891493067e-4,-4.6470603606020615e-4,150,3.6257311251085063e-2,2.7286040963939794e-2,3.6826462999999997e-2,2.7750746999999999e-2,0,0,none,none,0,,6.2500000001364242e-4,1.2667000000078588e-2,6.1670800000001691e-1,6.0929199999998218e-1,7.4999999992542143e-4,1.4579999999568827e-3,8.3300000005692709e-4,9.2919999999594438e-3
151,2.5166666666666666e+0,2.5200000000000000e+0,504,track,1,1,3.1328233802167398e+2,2.4557401429559604e+2,3.1033989266547407e-1,3.4638898177732358e-2,2.5949903632271655e-2,-6.1728547835910265e-5,-1.6489972793037801e-4,-5.9300364891081705e-4,-4.8989121544235710e-4,151,3.6233459351089181e-2,2.7260855784557642e-2,3.6826462999999997e-2,2.7750746999999999e-2,0,0,none,none,0,,5.8300000000599539e-4,1.2583000000063294e-2,6.2662499999999000e-1,6.1929100000008930e-1,7.4999999992542143e-4,1.4589999999543579e-3,8.3400000005440234e-4,9.5419999998966887e-3
152,2.5333333333333332e+0,2.5350000000000001e+0,507,track,1,1,3.1336629783310281e+2,2.4551406177962195e+2,3.1041144901610018e-1,3.4640073424720086e-2,2.5945307272802028e-2,-4.3240056887662772e-5,-1.8040173717647265e-4,-6.0975961726986757e-4,-5.0870793933367221e-4,152,3.6216703382730128e-2,2.7242039060666329e-2,3.6826462999999997e-2,2.7750746999999999e-2,0,0,none,none,0,,6.2500000001364242e-4,1.2749999999982720e-2,6.6116699999997763e-1,6.3900000000001000e-1,3.3329999999978099e-3,6.7920000000185610e-3,1.5420000000858636e-3,1.0790999999926498e-2
153,2.5499999999999998e+0,2.5499999999999998e+0,510,track,1,1,3.1345728469175708e+2,2.4542957746478874e+2,3.0991055456171734e-1,3.4648496381990412e-2,2.5948416985677004e-2,3.3460270519689428e-5,-1.2909489333736964e-4,-6.2017923392637491e-4,-5.2068123839979670e-4,153,3.6206283766073620e-2,2.7230065761600204e-2,3.6826462999999997e-2,2.7750746999999999e-2,0,0,none,none,0,,1.0409999999865249e-3,1.1383299999999963e-1,6.9758300000000872e-1,6.7554200000006404e-1,2.2089999999934662e-3,6.0419999999794527e-3,1.7500000000154614e-3,1.9375999999965643e-2
154,2.5666666666666669e+0,2.5699999999999998e+0,514,track,1,1,3.1355162479834064e+2,2.4534259045863101e+2,3.1048300536672629e-1,3.4663398987961003e-2,2.5958392708962615e-2,1.5379123436418078e-4,-2.7366283119530690e-5,-6.2520276428754454e-4,-5.2685292590195631e-4,154,3.6201260235712455e-2,2.7223894074098042e-2,3.6826462999999997e-2,2.7750746999999999e-2,0,0,none,none,0,,6.8750000000363798e-3,4.0292000000022199e-2,6.3933399999996254e-1,6.2500000000000000e-1,1.5839999999798238e-3,2.9170000000249274e-3,1.4580000000705695e-3,1.6165999999884662e-2
155,2.5833333333333335e+0,2.5850000000000000e+0,517,track,1,1,3.1363134810710989e+2,2.4525530932594646e+2,3.1982281284606867e-1,3.4682574925316345e-2,2.5974215906128226e-2,2.9314552646982187e-4,1.0919091385740325e-4,-6.2677615656233266e-4,-5.2829897597040884e-4,155,3.6199686843437662e-2,2.7222448024029591e-2,3.6826462999999997e-2,2.7750746999999999e-2,0,0,none,none,0,,5.8300000000599539e-4,2.3208000000067841e-2,6.2575000000003911e-1,6.1399999999991905e-1,1.2500000000272848e-3,2.2910000000138098e-3,9.5799999996870611e-4,1.0833999999931621e-2
156,2.6000000000000001e+0,2.6000000000000001e+0,520,track,1,1,3.1369529085872574e+2,2.4518259464450600e+2,3.1982281284606867e-1,3.4661320517731298e-2,2.5993728167087216e-2,7.3871513863567350e-5,2.5760183845083371e-4,-5.2602011341004566e-4,-5.2687591132437935e-4,156,3.6125909886589952e-2,2.7223871088675619e-2,3.6651929999999999e-2,2.7750746999999999e-2,0,0,none,none,0,,6.2500000001364242e-4,1.4999999999986358e-2,6.1716599999999744e-1,6.0404099999993832e-1,9.9999999997635314e-4,1.9999999999527063e-3,8.3299999994324025e-4,9.5000000000027285e-3
157,2.6166666666666667e+0,2.6200000000000001e+0,524,track,1,1,3.1373331023331025e+2,2.4512462462462463e+2,3.1960132890365450e-1,3.4645547096054941e-2,2.6014994594433336e-2,-6.8769883300256280e-5,3.9997858007406989e-4,-5.5814971082127540e-4,-3.9104170700809623e-4,157,3.6093780289178722e-2,2.7185172292991902e-2,3.6651929999999999e-2,2.7576213999999998e-2,0,-3.4906600000000947e-2,none,none,0,,6.2499999989995558e-4,1.5084000000001652e-2,6.0500000000001819e-1,5.9658300000000963e-1,9.5799999996870611e-4,1.7090000000052896e-3,8.3399999994071550e-4,9.2899999999644933e-3
158,2.6333333333333333e+0,2.6349999999999998e+0,527,track,1,1,3.1377289546716003e+2,2.4508441258094356e+2,3.2969881814715973e-1,3.4635009075717704e-2,2.5993453051592823e-2,-1.4755246786134853e-4,1.6336000154591222e-4,-5.8435220638074301e-4,-4.2626048782867695e-4,158,3.6067577793619257e-2,2.7149953512171320e-2,3.6651929999999999e-2,2.7576213999999998e-2,0,0,none,none,0,,5.0000000010186341e-4,1.3042000000041298e-2,6.1333400000000893e-1,6.0533300000008694e-1,8.3300000005692709e-4,1.7080000000078144e-3,9.1699999995853432e-4,8.9569999998957428e-3
159,2.6499999999999999e+0,2.6499999999999999e+0,530,track,1,1,3.1384236111111113e+2,2.4506203703703704e+2,3.1893687707641194e-1,3.4631627854388114e-2,2.5975988592116674e-2,-1.5528668056561943e-4,-5.9775649048945370e-6,-6.0366760504867198e-4,-4.5605760051997061e-4,159,3.6048262394951326e-2,2.7120156399480028e-2,3.6651929999999999e-2,2.7576213999999998e-2,0,0,none,none,0,,6.2500000001364242e-4,1.2875000000008185e-2,6.0112500000002456e-1,5.9333300000002964e-1,8.3299999994324025e-4,1.7080000000078144e-3,8.3300000005692709e-4,8.5410000000365471e-3
160,2.6666666666666665e+0,2.6699999999999999e+0,534,track,1,1,3.1393376563223717e+2,2.4502547475683187e+2,3.2393098274568644e-1,3.4636310824446070e-2,2.5963591039190857e-2,-9.4293985540936431e-5,-1.0913741969423058e-4,-6.1587423272254141e-4,-4.8022000959366723e-4,160,3.6036055767277461e-2,2.7095993990406332e-2,3.6651929999999999e-2,2.7576213999999998e-2,0,0,none,none,0,,5.4199999999582360e-4,1.2875000000008185e-2,6.0387500000001637e-1,5.9645899999998164e-1,7.9199999993306847e-4,1.4589999999543579e-3,8.7499999995088729e-4,8.5000000000263753e-3
161,2.6833333333333331e+0,2.6850000000000001e+0,537,track,1,1,3.1403143781784559e+2,2.4497572815533979e+2,3.3534883720930231e-1,3.4648456776078973e-2,2.5956914044876874e-2,2.0773959553407312e-5,-1.4988855041337670e-4,-6.2183984146090357e-4,-4.9872308504240266e-4,161,3.6030090158539092e-2,2.7077490914957595e-2,3.6651929999999999e-2,2.7576213999999998e-2,0,0,none,none,0,,5.4099999999834836e-4,1.2917000000015832e-2,6.0787500000003547e-1,5.9783299999992323e-1,7.9100000004928006e-4,1.5000000000782165e-3,8.3299999994324025e-4,8.4170000000085565e-3
162,2.7000000000000002e+0,2.7000000000000002e+0,540,track,1,1,3.1412500000000000e+2,2.4490740740740742e+2,3.1395348837209303e-1,3.4666593911335752e-2,2.5956836505065660e-2,1.7001105875854200e-4,-1.2958358147392761e-4,-6.2299960694950796e-4,-5.1130309255871867e-4,162,3.6028930393050489e-2,2.7064910907441279e-2,3.6651929999999999e-2,2.7576213999999998e-2,0,0,none,none,0,,5.8300000000599539e-4,1.5040999999996529e-2,6.0337500000002819e-1,5.9566600000005110e-1,7.9199999993306847e-4,1.5419999999721767e-3,8.3300000005692709e-4,9.1669999999339780e-3
163,2.7166666666666668e+0,2.7200000000000002e+0,544,track,1,1,3.1419371243643087e+2,2.4483310217290799e+2,3.2453113278319579e-1,3.4645061746639172e-2,2.5962995441896050e-2,-3.4377882906391077e-5,-5.9803357747918634e-5,-5.2126588379017736e-4,-5.1859387564070656e-4,163,3.5956131116209815e-2,2.7057620124359291e-2,3.6477396999999995e-2,2.7576213999999998e-2,0,0,none,none,0,,5.8400000000347063e-4,1.2750000000096406e-2,6.1591599999997015e-1,6.0833300000001600e-1,7.9199999993306847e-4,1.4589999999543579e-3,8.7499999995088729e-4,8.5000000000263753e-3
164,2.7333333333333334e+0,2.7349999999999999e+0,547,track,1,1,3.1424122807017545e+2,2.4475554016620498e+2,3.1482558139534883e-1,3.4630027981323863e-2,2.5974751848298658e-2,-1.5568077475914077e-4,4.7174912305678613e-5,-5.5167913048598857e-4,-5.2136079551779466e-4,164,3.5925717869514005e-2,2.7054853204482202e-2,3.6477396999999995e-2,2.7576213999999998e-2,0,0,none,none,0,,5.4099999999834836e-4,1.2500000000045475e-2,5.9754199999997581e-1,5.9041600000000471e-1,7.0900000002893648e-4,1.4169999999467109e-3,8.3300000005692709e-4,8.1249999999499778e-3
165,2.7500000000000000e+0,2.7500000000000000e+0,550,track,1,1,3.1427354570637118e+2,2.4468628808864267e+2,3.1482558139534883e-1,3.4619732060400921e-2,2.5990540197787342e-2,-2.2028182083562803e-4,1.7301844473078647e-4,-5.7660631717236770e-4,-5.2100263203525531e-4,165,3.5900790682827630e-2,2.7055211367964745e-2,3.6477396999999995e-2,2.7576213999999998e-2,0,0,none,none,0,,5.4199999999582360e-4,1.2584000000060769e-2,5.9870899999998528e-1,5.9083300000008876e-1,7.0900000002893648e-4,2.0829999999705251e-3,8.3400000005440234e-4,8.3319999998821004e-3
166,2.7666666666666666e+0,2.7700000000000000e+0,554,track,1,1,3.1434432656826567e+2,2.4462961254612546e+2,3.1026833631484796e-1,3.4616817871373939e-2,2.6008604362884616e-2,-2.1393034156971211e-4,3.0035866293258613e-4,-5.9451018357272074e-4,-5.1897590539222763e-4,166,3.5882886816427276e-2,2.7057238094607770e-2,3.6477396999999995e-2,2.7576213999999998e-2,0,0,none,none,0,,5.8400000000347063e-4,1.2540999999941960e-2,6.2270799999998871e-1,6.1516600000004473e-1,7.4999999992542143e-4,1.6249999999899956e-3,8.7500000006457412e-4,8.3340000001044245e-3
167,2.7833333333333332e+0,2.7850000000000001e+0,557,track,1,1,3.1444280442804427e+2,2.4459017527675277e+2,3.1026833631484796e-1,3.4622600953607474e-2,2.5984391412703475e-2,-1.3551070341852198e-4,5.5258785762983900e-5,-6.0485812480621853e-4,-4.1618136204392409e-4,167,3.5872538875193774e-2,2.6985499637956073e-2,3.6477396999999995e-2,2.7401680999999997e-2,0,0,none,none,0,,5.4099999999834836e-4,1.2791999999990367e-2,6.1229200000002493e-1,6.0466599999995196e-1,7.9199999993306847e-4,1.5419999999721767e-3,8.7500000006457412e-4,8.1250000000636646e-3
168,2.7999999999999998e+0,2.7999999999999998e+0,560,track,1,1,3.1454430087678821e+2,2.4456252884171667e+2,3.1012522361359568e-1,3.4636104826144987e-2,2.5965224235127066e-2,-3.2896150845986667e-6,-1.1324859116039219e-4,-6.0881638615811349e-4,-4.4667706978419403e-4,168,3.5868580613841884e-2,2.6955003930215802e-2,3.6477396999999995e-2,2.7401680999999997e-2,0,0,none,none,0,,5.8400000000347063e-4,1.2541000000055647e-2,6.0979199999997036e-1,5.9987499999999727e-1,6.6700000002128945e-4,1.4999999999645297e-3,8.3299999994324025e-4,8.0410000000483706e-3
169,2.8166666666666669e+0,2.8199999999999998e+0,564,track,1,1,3.1463481071098801e+2,2.4453970452446907e+2,3.0998211091234346e-1,3.4655239466856003e-2,2.5950448100116760e-2,1.5767919853345929e-4,-2.2136373570595474e-4,-6.0828999558027743e-4,-4.7193981547121751e-4,169,3.5869107004419719e-2,2.6929741184528781e-2,3.6477396999999995e-2,2.7401680999999997e-2,0,0,none,none,0,,5.4199999999582360e-4,1.2416000000030181e-2,6.0695900000007441e-1,5.9841700000004039e-1,9.1700000007222116e-4,1.5419999999721767e-3,8.7500000006457412e-4,1.9498999999996158e-2
170,2.8333333333333335e+0,2.8350000000000000e+0,567,track,1,1,3.1470655435033461e+2,2.4449238402954074e+2,3.1005366726296957e-1,3.4677485337290648e-2,2.5941716339819090e-2,3.2224173570143653e-4,-2.6366107712840896e-4,-6.0538785328296131e-4,-4.9118364277655644e-4,170,3.5872009146717031e-2,2.6910497357223440e-2,3.6477396999999995e-2,2.7401680999999997e-2,0,0,none,none,0,,4.9999999998817657e-4,2.2207999999977801e-2,6.2312500000007276e-1,6.1125000000004093e-1,8.7499999995088729e-4,1.6660000000001673e-3,9.1699999995853432e-4,9.5420000000103755e-3
171,2.8500000000000001e+0,2.8500000000000001e+0,570,track,1,1,3.1475449930779882e+2,2.4441693585602215e+2,3.1497093023255812e-1,3.4657584594057766e-2,2.5940638106980954e-2,1.1025495183945055e-4,-2.3584416930082553e-4,-5.0158199332469449e-4,-5.0361929698530393e-4,171,3.5801282006675303e-2,2.6898061703014692e-2,3.6302863999999997e-2,2.7401680999999997e-2,0,0,none,none,0,,6.2500000001364242e-4,1.3832999999976892e-2,6.0562500000003183e-1,5.9775000000001910e-1,8.3300000005692709e-4,1.6250000001036824e-3,8.7499999995088729e-4,1.2082999999961430e-2
172,2.8666666666666667e+0,2.8700000000000001e+0,574,track,1,1,3.1477579044541886e+2,2.4433775675051928e+2,3.1489825581395348e-1,3.4641583369975137e-2,2.5946526243546753e-2,-3.9383985125059963e-5,-1.5347959705076951e-4,-5.3191026054224383e-4,-5.1017539034768698e-4,172,3.5770953739457753e-2,2.6891505609652311e-2,3.6302863999999997e-2,2.7401680999999997e-2,0,0,none,none,0,,5.4199999999582360e-4,1.3791999999966720e-2,6.1758299999996780e-1,6.1000000000001364e-1,7.9199999993306847e-4,1.6249999999899956e-3,8.3400000005440234e-4,8.7500000000773070e-3
173,2.8833333333333333e+0,2.8849999999999998e+0,577,track,1,1,3.1479769053117781e+2,2.4425334872979215e+2,3.1468023255813954e-1,3.4629363291564630e-2,2.5958785655523221e-2,-1.3638467689656370e-4,-2.9185364825722542e-5,-5.5740704951645658e-4,-5.1161237309760494e-4,173,3.5745456950483541e-2,2.6890068626902391e-2,3.6302863999999997e-2,2.7401680999999997e-2,0,0,none,none,0,,6.2499999989995558e-4,1.2375000000020009e-2,6.0312500000009095e-1,5.9583299999997053e-1,7.5000000003910827e-4,1.5000000000782165e-3,7.9199999993306847e-4,8.1249999999499778e-3
174,2.8999999999999999e+0,2.8999999999999999e+0,580,track,1,1,3.1485045107564190e+2,2.4418008327550314e+2,3.2430607651912979e-1,3.4623140567337174e-2,2.5975494303436181e-2,-1.6951586574267036e-4,1.1505366138375202e-4,-5.7684668198323301e-4,-5.0962517915043330e-4,174,3.5726017318016765e-2,2.6892055820849563e-2,3.6302863999999997e-2,2.7401680999999997e-2,0,0,none,none,0,,5.8300000000599539e-4,1.2749999999982720e-2,6.0079100000007202e-1,5.9362499999997453e-1,7.0800000003146124e-4,1.5000000000782165e-3,8.3399999994071550e-4,8.0429999999296342e-3
175,2.9166666666666665e+0,2.9199999999999999e+0,584,track,1,1,3.1492724959518853e+2,2.4412132778163311e+2,3.1417151162790696e-1,3.4624183980350054e-2,2.5994652538506153e-2,-1.3706387540313782e-4,2.5967522676631738e-4,-5.8970831581613224e-4,-5.0586470682725869e-4,175,3.5713155684183866e-2,2.6895816293172739e-2,3.6302863999999997e-2,2.7401680999999997e-2,0,0,none,none,0,,5.4099999999834836e-4,1.2124999999969077e-2,6.0937500000000000e-1,6.0141599999997197e-1,7.9100000004928006e-4,2.1670000000995060e-3,7.9199999993306847e-4,8.2499999999754436e-3
176,2.9333333333333331e+0,2.9350000000000001e+0,587,track,1,1,3.1501678629312340e+2,2.4408022690437602e+2,3.2400600150037512e-1,3.4632567094710964e-2,2.6014250428960346e-2,-4.7580580193633089e-5,3.8776575036797195e-4,-5.9633751370148679e-4,-5.0190388277356252e-4,176,3.5706526486298511e-2,2.6899777117226433e-2,3.6302863999999997e-2,2.7401680999999997e-2,0,0,none,none,0,,5.8400000000347063e-4,1.2375000000020009e-2,6.0637500000007094e-1,5.9916699999996581e-1,7.9200000004675530e-4,1.4169999999467109e-3,8.3300000005692709e-4,8.2499999998617568e-3
177,2.9500000000000002e+0,2.9500000000000002e+0,590,track,1,1,3.1510407501736512e+2,2.4405290576522344e+2,3.1886304909560725e-1,3.4647036807506026e-2,2.5990233838268959e-2,8.0449148169343983e-5,1.3209292926596555e-4,-5.9801736022273278e-4,-3.9819315521684060e-4,177,3.5704846639777264e-2,2.6828954844783159e-2,3.6302863999999997e-2,2.7227148000000000e-2,0,0,none,none,0,,5.8300000000599539e-4,1.2124999999969077e-2,6.5183299999989686e-1,6.2679200000002311e-1,3.3329999999978099e-3,6.2500000000227374e-3,1.7919999999094216e-3,1.0209000000031665e-2
178,2.9666666666666668e+0,2.9700000000000002e+0,594,track,1,1,3.1517314365024288e+2,2.4404568586629657e+2,3.1915836101882611e-1,3.4665127833045872e-2,2.5969442910098634e-2,2.2095647775567537e-4,-6.0777024975671167e-5,-5.9685430342512516e-4,-4.2911771610541332e-4,178,3.5706009696574871e-2,2.6798030283894585e-2,3.6302863999999997e-2,2.7227148000000000e-2,0,0,none,none,0,,7.0800000003146124e-4,2.5416000000063832e-2,6.4279200000009951e-1,6.2766699999997400e-1,1.5409999999747015e-3,3.2499999999799911e-3,1.3749999999390639e-3,1.5750999999795567e-2
179,2.9833333333333334e+0,2.9849999999999999e+0,597,track,1,1,3.1522760934968755e+2,2.4402580421198797e+2,3.3496124031007751e-1,3.4684940728251235e-2,2.5952896552736155e-2,3.5626368121373288e-4,-1.9107736138791880e-4,-5.9440454138703339e-4,-4.5483076237453512e-4,179,3.5708459458612965e-2,2.6772317237625465e-2,3.6302863999999997e-2,2.7227148000000000e-2,0,0,none,none,0,,6.2500000001364242e-4,1.9042000000013104e-2,6.5420800000003965e-1,6.4270799999997053e-1,1.2919999999212450e-3,2.2910000000138098e-3,1.1670000000094660e-3,1.1415999999940141e-2
180,3,3,600,track,1,1,3.1525532407407405e+2,2.4399305555555554e+2,3.3488372093023255e-1,3.4661209381347646e-2,2.5941378278153935e-2,1.0738779346415898e-4,-2.6098331626857888e-4,-4.9210094929595151e-4,-4.7522260208169865e-4,180,3.5636230050704050e-2,2.6751925397918302e-2,3.6128331000000000e-2,2.7227148000000000e-2,0,0,none,none,0,,7.0900000002893648e-4,1.6833000000019638e-2,6.0716600000000653e-1,5.9645899999998164e-1,1.1670000000094660e-3,1.9999999999527063e-3,1.1250000000018190e-3,1.0166999999910331e-2
181,3.0166666666666666e+0,3.0200000000000000e+0,604,track,1,1,3.1526971098265898e+2,2.4393583815028902e+2,3.2977506671749907e-1,3.4641294605599171e-2,2.5936383667014010e-2,-7.4678708938412511e-5,-2.6639290093184503e-4,-5.2394214999833884e-4,-4.8957541360306620e-4,181,3.5604388850001660e-2,2.6737572586396932e-2,3.6128331000000000e-2,2.7227148000000000e-2,0,0,none,none,0,,5.8300000000599539e-4,1.5250000000037289e-2,6.0475000000008095e-1,5.9462499999995089e-1,1.1250000000018190e-3,1.9170000000485743e-3,1.0419999999840002e-3,9.9579999998695712e-3
182,3.0333333333333332e+0,3.0350000000000001e+0,607,track,1,1,3.1528757792657586e+2,2.4386227199261140e+2,3.1974898486526393e-1,3.4625384872802201e-2,2.5938443228988778e-2,-1.9769524102466123e-4,-2.1187300726478590e-4,-5.5073894478046290e-4,-4.9787411846828969e-4,182,3.5577592055219535e-2,2.6729273881531710e-2,3.6128331000000000e-2,2.7227148000000000e-2,0,0,none,none,0,,5.8400000000347063e-4,1.4333999999962543e-2,6.0266699999999673e-1,5.9300000000007458e-1,1.0829999999941720e-3,1.8750000000409273e-3,1.0409999999865249e-3,9.2900000000781802e-3
183,3.0499999999999998e+0,3.0499999999999998e+0,610,track,1,1,3.1533837450935118e+2,2.4378238282151929e+2,3.1475290697674418e-1,3.4615888460940880e-2,2.5947096092283871e-2,-2.4971579192387898e-4,-1.0966814395536931e-4,-5.7113704307270262e-4,-5.0080189790969239e-4,183,3.5557193956927295e-2,2.6726346102090306e-2,3.6128331000000000e-2,2.7227148000000000e-2,0,0,none,none,0,,5.8400000000347063e-4,1.4457999999990534e-2,6.0541599999999107e-1,5.9566599999993741e-1,1.0829999999941720e-3,1.8749999999272404e-3,1.0409999999865249e-3,9.1670000000476648e-3
184,3.0666666666666669e+0,3.0699999999999998e+0,614,track,1,1,3.1542240184757503e+2,2.4370808314087759e+2,3.0983899821109123e-1,3.4614800058982098e-2,2.5960883991879534e-2,-2.2393382910764753e-4,2.1322515743227134e-5,-5.8408223972760819e-4,-4.9972464549686841e-4,184,3.5544248760272394e-2,2.6727423354503132e-2,3.6128331000000000e-2,2.7227148000000000e-2,0,0,none,none,0,,5.4099999999834836e-4,1.4292000000068583e-2,6.0733400000003712e-1,5.9720900000002075e-1,1.1250000000018190e-3,1.8750000000409273e-3,1.1250000000018190e-3,9.5829999999068605e-3
185,3.0833333333333335e+0,3.0850000000000000e+0,617,track,1,1,3.1552238633741058e+2,2.4364447265174243e+2,3.1005366726296957e-1,3.4622326534929471e-2,2.5978057618599778e-2,-1.2949136450153450e-4,1.6240063404735926e-4,-5.8985647002632877e-4,-4.9613636973375142e-4,185,3.5538474529973670e-2,2.6731011630266248e-2,3.6128331000000000e-2,2.7227148000000000e-2,0,0,none,none,0,,5.4199999999582360e-4,1.4750000000049113e-2,6.0645799999997507e-1,5.9708299999999781e-1,1.0829999999941720e-3,1.7500000000154614e-3,1.0839999999916472e-3,9.4579999998813946e-3
186,3.1000000000000001e+0,3.1000000000000001e+0,620,track,1,1,3.1561534025374857e+2,2.4359665513264130e+2,3.1019677996422185e-1,3.4636664158997021e-2,2.5996649900772086e-2,8.8820169983068562e-6,2.9565534595470214e-4,-5.9019711482756736e-4,-4.9161226730001849e-4,186,3.5538133885172435e-2,2.6735535732699982e-2,3.6128331000000000e-2,2.7227148000000000e-2,0,0,none,none,0,,5.8300000000599539e-4,1.4166000000045642e-2,6.0420900000008260e-1,5.9483299999999417e-1,1.0829999999941720e-3,1.7500000000154614e-3,1.0409999999865249e-3,9.1259999999238062e-3
187,3.1166666666666667e+0,3.1200000000000001e+0,624,track,1,1,3.1569478421417034e+2,2.4356715901223171e+2,3.1005366726296957e-1,3.4655618300416080e-2,2.6014745790539286e-2,1.6663505738817512e-4,4.0611623923803058e-4,-5.8701487323392046e-4,-4.8761284955693360e-4,187,3.5541316126766080e-2,2.6739535150443066e-2,3.6128331000000000e-2,2.7227148000000000e-2,0,0,none,none,0,,5.8300000000599539e-4,1.3958000000002357e-2,5.9958399999993617e-1,5.9029099999997925e-1,1.0420000000976870e-3,1.7500000000154614e-3,9.9999999997635314e-4,9.2910000000756554e-3
188,3.1333333333333333e+0,3.1349999999999998e+0,627,track,1,1,3.1574746075715603e+2,2.4355032317636196e+2,3.0998211091234346e-1,3.4676157142204289e-2,2.6031163622412645e-2,3.1562627797450252e-4,4.8705776378734847e-4,-5.8274583091492906e-4,-4.8498071263601366e-4,188,3.5545585169085070e-2,2.6742167287363987e-2,3.6128331000000000e-2,2.7227148000000000e-2,0,0,none,none,0,,5.4099999999834836e-4,1.4042000000017651e-2,6.3641699999993762e-1,6.2616700000000947e-1,1.2500000000272848e-3,2.4580000000469227e-3,1.0829999999941720e-3,8.9590000001180670e-3
189,3.1499999999999999e+0,3.1499999999999999e+0,630,track,1,1,3.1577583025830256e+2,2.4354312730627305e+2,3.1026833631484796e-1,3.4695832441641983e-2,2.6045167994085461e-2,4.3654381431733704e-4,5.3643807691747399e-4,-5.7926454091669763e-4,-4.8419343444474142e-4,189,3.5549066459083303e-2,2.6742954565555258e-2,3.6128331000000000e-2,2.7227148000000000e-2,0,0,none,none,0,,5.8300000000599539e-4,1.4000000000010004e-2,6.0166700000002038e-1,5.9241600000007111e-1,1.0829999999941720e-3,1.6669999999976426e-3,1.0409999999865249e-3,9.0420000000221989e-3
190,3.1666666666666665e+0,3.1699999999999999e+0,634,track,1,1,3.1579105166051659e+2,2.4354289667896680e+2,3.1511627906976747e-1,3.4670813303995018e-2,2.6056392048413920e-2,1.6564174083985833e-4,5.5559230096030902e-4,-4.7681191873787267e-4,-4.8544160506542390e-4,190,3.5476986081262124e-2,2.6741706394934575e-2,3.5953797999999995e-2,2.7227148000000000e-2,0,0,none,none,0,,4.9999999998817657e-4,1.3958999999999833e-2,6.0204199999998309e-1,5.9279200000003129e-1,1.0829999999941720e-3,1.7080000000078144e-3,1.0419999999840002e-3,9.0400000000272485e-3
191,3.1833333333333331e+0,3.1850000000000001e+0,637,track,1,1,3.1579547553093261e+2,2.4354062788550323e+2,3.1482558139534883e-1,3.4648848458836312e-2,2.6065297708964232e-2,-4.1765835646653278e-5,5.5262103845060587e-4,-5.0905563193593827e-4,-4.8829054287927219e-4,191,3.5444742368064060e-2,2.6738857457120728e-2,3.5953797999999995e-2,2.7227148000000000e-2,0,0,none,none,0,,5.8400000000347063e-4,1.3749999999959073e-2,5.9962499999994634e-1,5.9045800000001236e-1,1.1250000000018190e-3,1.6249999999899956e-3,1.0419999999840002e-3,8.9159999999992579e-3
192,3.2000000000000002e+0,3.2000000000000002e+0,640,track,1,1,3.1580600461893766e+2,2.4354157043879908e+2,3.1468023255813954e-1,3.4630481581487516e-2,2.6071914976451453e-2,-1.8999529994074166e-4,5.3086923548604711e-4,-5.3651925742609688e-4,-4.9266578590774913e-4,192,3.5417278742573902e-2,2.6734482214092251e-2,3.5953797999999995e-2,2.7227148000000000e-2,0,0,none,none,0,,6.2500000001364242e-4,2.4959000000080778e-2,6.3454200000001038e-1,6.2524999999993724e-1,1.0829999999941720e-3,1.7089999998916028e-3,1.0409999999865249e-3,9.1239999999288557e-3
193,3.2166666666666668e+0,3.2200000000000002e+0,644,track,1,1,3.1584818748556916e+2,2.4353763564996535e+2,3.1475290697674418e-1,3.4618119614385989e-2,2.6076957684584370e-2,-2.6712975932261662e-4,4.9895045326731893e-4,-5.5784739901874143e-4,-4.9798341222895216e-4,193,3.5395950600981253e-2,2.6729164587771047e-2,3.5953797999999995e-2,2.7227148000000000e-2,0,0,none,none,0,,6.2500000001364242e-4,1.4042000000017651e-2,6.1491699999999128e-1,6.0575000000005730e-1,1.0829999999941720e-3,1.6660000000001673e-3,1.0419999999840002e-3,9.0400000000272485e-3
194,3.2333333333333334e+0,3.2349999999999999e+0,647,track,1,1,3.1592178126442087e+2,2.4353645592985694e+2,3.3046130385055278e-1,3.4613712189230483e-2,2.6080461438681660e-2,-2.6675448353339552e-4,4.5858477368280630e-4,-5.7201882962931792e-4,-5.0420720962746481e-4,194,3.5381779170370678e-2,2.6722940790372535e-2,3.5953797999999995e-2,2.7227148000000000e-2,0,0,none,none,0,,5.4099999999834836e-4,1.3832999999976892e-2,5.9849999999994452e-1,5.8920800000009876e-1,1.0419999999840002e-3,1.8750000000409273e-3,1.0419999999840002e-3,8.9170000001104199e-3
195,3.2500000000000000e+0,3.2500000000000000e+0,650,track,1,1,3.1600508083140875e+2,2.4353325635103926e+2,3.3565891472868215e-1,3.4617071488675322e-2,2.6082857841225670e-2,-2.0128132834643477e-4,4.1457358008072939e-4,-5.7961444009524659e-4,-5.1100313423663721e-4,195,3.5374183559904751e-2,2.6716144865763361e-2,3.5953797999999995e-2,2.7227148000000000e-2,0,0,none,none,0,,5.8300000000599539e-4,1.4916999999968539e-2,6.0879200000010769e-1,5.9966600000007020e-1,1.0419999999840002e-3,1.6669999999976426e-3,1.0419999999840002e-3,8.9999999999008651e-3
196,3.2666666666666666e+0,3.2700000000000000e+0,654,track,1,1,3.1608812658812661e+2,2.4353603603603602e+2,3.3008006099885628e-1,3.4627099930748528e-2,2.6083891743953005e-2,-8.9018354624467521e-5,3.6528625511304520e-4,-5.8181996683590888e-4,-5.1857620949018939e-4,196,3.5371978033164088e-2,2.6708571790509811e-2,3.5953797999999995e-2,2.7227148000000000e-2,0,0,none,none,0,,5.8300000000599539e-4,1.8054199999994580e-1,6.6000000000008185e-1,6.4004099999999653e-1,1.9580000000587461e-3,5.0420000000030996e-3,1.5410000000883883e-3,2.0083999999997104e-2
197,3.2833333333333332e+0,3.2850000000000001e+0,657,track,1,1,3.1616366782006918e+2,2.4353713956170702e+2,3.1504360465116277e-1,3.4642155493436633e-2,2.6083963961938402e-2,4.9718986332682522e-5,3.1482263132110984e-4,-5.8013574578680510e-4,-5.2662284090154981e-4,197,3.5373662254213192e-2,2.6700525159098449e-2,3.5953797999999995e-2,2.7227148000000000e-2,0,0,none,none,0,,1.5419999999721767e-3,3.0208000000016000e-2,6.5454199999999219e-1,6.3829199999997854e-1,1.4999999999645297e-3,3.7919999999758147e-3,1.3749999999390639e-3,1.9958000000087850e-2
198,3.2999999999999998e+0,3.2999999999999998e+0,660,track,1,1,3.1622479815455591e+2,2.4353229527104961e+2,3.1019677996422185e-1,3.4660188441273831e-2,2.6041138757141039e-2,1.9403541564798595e-4,-8.8426327083860170e-5,-5.7627464094216912e-4,-4.3402221792164362e-4,198,3.5377523359057826e-2,2.6618592782078353e-2,3.5953797999999995e-2,2.7052614999999999e-2,0,0,none,none,0,,1.2909999999237698e-3,2.0707999999899585e-2,6.5920799999992141e-1,6.4112499999998818e-1,1.4589999999543579e-3,4.2920000000776781e-3,1.3329999999314168e-3,1.7834000000220840e-2
199,3.3166666666666669e+0,3.3199999999999998e+0,664,track,1,1,3.1625847750865051e+2,2.4352468281430220e+2,3.1019677996422185e-1,3.4678337223628120e-2,2.6004306133265105e-2,3.1914712621892966e-4,-3.8503030425083814e-4,-5.7247672436656774e-4,-4.7369749561378344e-4,199,3.5381321275633426e-2,2.6578917504386214e-2,3.5953797999999995e-2,2.7052614999999999e-2,0,0,none,none,0,,1.0829999999941720e-3,2.0208000000025095e-2,6.5208299999994779e-1,6.3504199999999855e-1,3.3750000000054570e-3,3.4170000000131040e-3,1.2500000000272848e-3,1.7418000000134271e-2
200,3.3333333333333335e+0,3.3350000000000000e+0,667,track,1,1,3.1627580645161288e+2,2.4349930875576038e+2,3.1055456171735241e-1,3.4695019369024749e-2,2.5974770511049902e-2,4.1446466969586427e-4,-5.7895697371895284e-4,-5.6990818672219277e-4,-5.0572850636740351e-4,200,3.5383889813277801e-2,2.6546886493632595e-2,3.5953797999999995e-2,2.7052614999999999e-2,0,0,none,none,0,,1.0419999999840002e-3,2.0040999999991982e-2,6.4779099999998380e-1,6.3158299999997780e-1,1.5840000000935106e-3,3.3750000000054570e-3,1.2910000000374566e-3,1.8750999999952001e-2
201,3.3500000000000001e+0,3.3500000000000001e+0,670,track,1,1,3.1628316032295271e+2,2.4343264129181085e+2,3.1019677996422185e-1,3.4709417179183077e-2,2.5955355684856567e-2,4.7729429097262356e-4,-6.6087419776299802e-4,-5.6911160404494966e-4,-5.2857461736248706e-4,201,3.5384686395955045e-2,2.6524040382637511e-2,3.5953797999999995e-2,2.7052614999999999e-2,0,0,none,none,0,,1.2499999999135980e-3,2.8540999999904670e-2,7.1012499999994816e-1,6.8695800000000418e-1,2.4580000000469227e-3,8.3329999999932625e-3,1.3749999999390639e-3,2.3001000000135718e-2
202,3.3666666666666667e+0,3.3700000000000001e+0,674,track,1,1,3.1628578024007385e+2,2.4333633425669436e+2,3.1482558139534883e-1,3.4721299432707298e-2,2.5947378250826721e-2,5.1023843873852824e-4,-6.3539750516407084e-4,-5.7017328905582560e-4,-5.4181598255352722e-4,202,3.5383624710944167e-2,2.6510799017446473e-2,3.5953797999999995e-2,2.7052614999999999e-2,0,0,none,none,0,,9.9999999997635314e-4,5.0708999999983462e-2,6.5837499999997817e-1,6.2599999999997635e-1,3.5000000000309228e-3,9.6670000000358414e-3,2.1249999999781721e-3,3.0332000000043990e-2
203,3.3833333333333333e+0,3.3849999999999998e+0,677,track,1,1,3.1628878116343492e+2,2.4322391505078485e+2,3.1482558139534883e-1,3.4730934715650363e-2,2.5950689773651569e-2,5.1972830397614385e-4,-5.1878640439099338e-4,-5.7280925986642056e-4,-5.4607853351144138e-4,203,3.5380988740133575e-2,2.6506536466488557e-2,3.5953797999999995e-2,2.7052614999999999e-2,0,0,none,none,0,,7.9100000004928006e-4,2.6624999999967258e-2,6.0558300000002419e-1,5.9074999999995725e-1,1.4160000000629225e-3,2.7499999999918145e-3,1.1670000000094660e-3,1.6209000000003471e-2
204,3.3999999999999999e+0,3.3999999999999999e+0,680,track,1,1,3.1629404294620178e+2,2.4311440775802356e+2,3.2490622655663914e-1,3.4738757933567399e-2,2.5963446977916818e-2,5.1269110850068664e-4,-3.3924420431843787e-4,-5.7663286389325120e-4,-5.4317657556839885e-4,204,3.5377165136106746e-2,2.6509438424431601e-2,3.5953797999999995e-2,2.7052614999999999e-2,0,0,none,none,0,,6.2500000001364242e-4,1.6042000000084045e-2,6.3945799999999053e-1,6.2737500000002910e-1,1.5830000000960354e-3,2.5419999999485299e-3,9.5799999996870611e-4,2.2167999999965105e-2
205,3.4166666666666665e+0,3.4199999999999999e+0,684,track,1,1,3.1629236111111112e+2,2.4302430555555554e+2,3.3488372093023255e-1,3.4744446326051559e-2,2.5982578333410507e-2,4.8873000245861832e-4,-1.3133429115460042e-4,-5.8186005174955268e-4,-5.3572447526425092e-4,205,3.5371937948250443e-2,2.6516890524735749e-2,3.5953797999999995e-2,2.7052614999999999e-2,0,0,none,none,0,,5.8400000000347063e-4,2.2625000000061846e-2,6.3420899999994162e-1,6.2395800000001600e-1,1.2089999999034262e-3,2.3340000000189320e-3,9.1599999996105907e-4,1.5249000000039814e-2
206,3.4333333333333331e+0,3.4350000000000001e+0,687,track,1,1,3.1629347826086956e+2,2.4295767807585568e+2,3.2969881814715973e-1,3.4748534250917729e-2,2.5962367776893088e-2,4.5469346352388772e-4,-2.8250700444049960e-4,-5.8805042795535649e-4,-4.2559334330412378e-4,206,3.5365747572044637e-2,2.6452488656695874e-2,3.5953797999999995e-2,2.6878081999999998e-2,0,0,none,none,0,,5.8400000000347063e-4,1.4624999999909960e-2,5.8916699999997491e-1,5.8058299999993324e-1,9.9999999997635314e-4,1.8339999999170686e-3,7.9200000004675530e-4,9.4580000001087683e-3
207,3.4500000000000002e+0,3.4500000000000002e+0,690,track,1,1,3.1629528105482302e+2,2.4291684015729817e+2,3.2962256957682046e-1,3.4751339494205169e-2,2.5948466376654909e-2,4.1465581783204270e-4,-3.5962109172089386e-4,-5.9495253376808707e-4,-4.4814642841095646e-4,207,3.5358845466231907e-2,2.6429935571589042e-2,3.5953797999999995e-2,2.6878081999999998e-2,0,0,none,none,0,,6.2499999989995558e-4,1.3333999999986190e-2,5.8241699999996399e-1,5.7441599999992832e-1,7.9100000004928006e-4,1.6660000000001673e-3,8.7500000006457412e-4,8.9570000001231165e-3
208,3.4666666666666668e+0,3.4700000000000002e+0,694,track,1,1,3.1629455216989845e+2,2.4288573407202216e+2,3.2498124531132783e-1,3.4752896628562624e-2,2.5939485013780187e-2,3.6974606850923031e-4,-3.8468291180293509e-4,-6.0254358213596485e-4,-4.6539267700836838e-4,208,3.5351254417864034e-2,2.6412689322991630e-2,3.5953797999999995e-2,2.6878081999999998e-2,0,0,none,none,0,,5.8300000000599539e-4,1.2625000000070941e-2,5.8733399999994162e-1,5.7879100000002381e-1,7.9199999993306847e-4,1.4999999999645297e-3,8.3300000005692709e-4,8.6240000000543660e-3
209,3.4833333333333334e+0,3.4849999999999999e+0,697,track,1,1,3.1629233079233080e+2,2.4284141834141835e+2,3.1960132890365450e-1,3.4753329343736539e-2,2.5935937309512023e-2,3.2168292594335422e-4,-3.6066125606924905e-4,-6.1073451770291064e-4,-4.7736908413134127e-4,209,3.5343063482297085e-2,2.6400712915868655e-2,3.5953797999999995e-2,2.6878081999999998e-2,0,0,none,none,0,,5.8300000000599539e-4,1.2417000000027656e-2,5.8687499999996362e-1,5.7945799999993142e-1,7.5000000003910827e-4,1.5000000000782165e-3,8.3399999994071550e-4,8.3750000001145963e-3
210,3.5000000000000000e+0,3.5000000000000000e+0,700,track,1,1,3.1629519741399213e+2,2.4278584622489032e+2,3.1475290697674418e-1,3.4753280901110628e-2,2.5938017336144193e-2,2.7630318509364884e-4,-2.9279036184024117e-4,-6.1904402682715748e-4,-4.8429282942078096e-4,210,3.5334753973172837e-2,2.6393789170579218e-2,3.5953797999999995e-2,2.6878081999999998e-2,0,0,none,none,0,,6.2500000001364242e-4,1.2375000000020009e-2,6.0079200000006949e-1,5.9329100000002200e-1,7.9200000004675530e-4,1.5839999999798238e-3,8.3399999994071550e-4,8.2079999999677966e-3
211,3.5166666666666666e+0,3.5200000000000000e+0,704,track,1,1,3.1630696494464945e+2,2.4272440036900369e+2,3.1511627906976747e-1,3.4710983961428354e-2,2.5945373990902115e-2,-1.1712920596033656e-4,-1.9014582892393103e-4,-5.2623581114174774e-4,-4.8673427349941615e-4,211,3.5253029188858247e-2,2.6391347726500581e-2,3.5779264999999998e-2,2.6878081999999998e-2,0,0,none,none,0,,5.8300000000599539e-4,1.2416000000030181e-2,5.8283300000005056e-1,5.7566699999995308e-1,6.6600000002381421e-4,1.4580000000705695e-3,8.3299999994324025e-4,8.3339999998770509e-3
212,3.5333333333333332e+0,3.5350000000000001e+0,707,track,1,1,3.1632521357654122e+2,2.4266508889401985e+2,3.1475290697674418e-1,3.4675527804814976e-2,2.5956985123071350e-2,-3.9817398259471857e-4,-6.6163443150520426e-5,-5.6509629445496091e-4,-4.8570730264417512e-4,212,3.5214168705545036e-2,2.6392374697355822e-2,3.5779264999999998e-2,2.6878081999999998e-2,0,0,none,none,0,,5.8300000000599539e-4,1.2292000000002190e-2,6.1225000000001728e-1,6.0462500000005548e-1,7.4999999992542143e-4,1.5419999999721767e-3,8.3300000005692709e-4,8.2499999999754436e-3
213,3.5499999999999998e+0,3.5499999999999998e+0,710,track,1,1,3.1635223605348085e+2,2.4261041954817890e+2,3.1041144901610018e-1,3.4647361198745230e-2,2.5971707839368894e-2,-5.7877923283413736e-4,6.6586584491433866e-5,-5.9637586623050866e-4,-4.8224170082104422e-4,213,3.5182889133769490e-2,2.6395840299178953e-2,3.5779264999999998e-2,2.6878081999999998e-2,0,0,none,none,0,,5.8400000000347063e-4,1.4415999999982887e-2,6.0541599999999107e-1,5.9745899999995800e-1,7.9200000004675530e-4,1.6249999999899956e-3,8.7500000006457412e-4,8.6260000000493164e-3
214,3.5666666666666669e+0,3.5699999999999998e+0,714,track,1,1,3.1644022617124392e+2,2.4256923609508425e+2,3.1005366726296957e-1,3.4630861761192122e-2,2.5987810682307669e-2,-6.3626587787022758e-4,1.9235433264548938e-4,-6.1733719575076459e-4,-4.7775053376608519e-4,214,3.5161927804249232e-2,2.6400331466233912e-2,3.5779264999999998e-2,2.6878081999999998e-2,0,0,none,none,0,,5.8300000000599539e-4,1.3249999999970896e-2,6.1683400000003985e-1,6.0937500000000000e-1,7.5000000003910827e-4,1.7080000000078144e-3,8.3300000005692709e-4,8.3750000000009095e-3
215,3.5833333333333335e+0,3.5850000000000000e+0,717,track,1,1,3.1656389850057673e+2,2.4254752018454440e+2,3.1019677996422185e-1,3.4627594122326855e-2,2.6003306777861345e-2,-5.7472197283024891e-4,2.9544928781949061e-4,-6.2740806646107610e-4,-4.7377095106391722e-4,215,3.5151856933538922e-2,2.6404311048936081e-2,3.5779264999999998e-2,2.6878081999999998e-2,0,0,none,none,0,,5.4199999999582360e-4,1.2916000000018357e-2,5.9570800000005875e-1,5.8837499999992815e-1,7.5000000003910827e-4,1.5000000000782165e-3,8.3299999994324025e-4,8.8749999999890861e-3
216,3.6000000000000001e+0,3.6000000000000001e+0,720,track,1,1,3.1669538638985006e+2,2.4253021914648212e+2,3.1019677996422185e-1,3.4636452685862906e-2,2.6017704561223116e-2,-4.2006294724140285e-4,3.7491781608953368e-4,-6.2798077639735113e-4,-4.7063517028051604e-4,216,3.5151284223602648e-2,2.6407446829719482e-2,3.5779264999999998e-2,2.6878081999999998e-2,0,0,none,none,0,,6.2499999989995558e-4,1.2708999999972548e-2,6.2166700000000219e-1,6.1433299999998781e-1,7.9200000004675530e-4,1.4999999999645297e-3,8.3299999994324025e-4,8.2910000000993023e-3
217,3.6166666666666667e+0,3.6200000000000001e+0,724,track,1,1,3.1681408775981527e+2,2.4252794457274825e+2,3.1468023255813954e-1,3.4654622052499917e-2,2.6029769112248451e-2,-2.0892358468928624e-4,4.2370405041863385e-4,-6.2161078451183330e-4,-4.6923569541226751e-4,217,3.5157654215488165e-2,2.6408846304587730e-2,3.5779264999999998e-2,2.6878081999999998e-2,0,0,none,none,0,,5.8300000000599539e-4,1.2249999999994543e-2,6.1116699999990942e-1,6.0395800000003419e-1,7.4999999992542143e-4,1.4579999999568827e-3,8.3300000005692709e-4,8.5000000000263753e-3
218,3.6333333333333333e+0,3.6349999999999998e+0,727,track,1,1,3.1689722863741338e+2,2.4252286374133948e+2,3.3015630956919556e-1,3.4635052261373644e-2,2.6039908970013487e-2,-3.4387381282248550e-4,4.4952456364315448e-4,-5.1130447678242406e-4,-4.6918428983273142e-4,218,3.5093427523217577e-2,2.6408897710167266e-2,3.5604732000000000e-2,2.6878081999999998e-2,0,0,none,none,0,,5.4199999999582360e-4,1.3874999999984539e-2,6.0924999999997453e-1,6.0070799999994051e-1,7.5000000003910827e-4,1.5419999999721767e-3,7.9100000004928006e-4,8.3329999999932625e-3
219,3.6499999999999999e+0,3.6499999999999999e+0,730,track,1,1,3.1694508537148130e+2,2.4252261190586063e+2,3.3046130385055278e-1,3.4622403858223905e-2,2.6047917502564261e-2,-4.0189778423068540e-4,4.5385680412522207e-4,-5.3323539705599720e-4,-4.7058967542957310e-4,219,3.5071496602944001e-2,2.6407492324570424e-2,3.5604732000000000e-2,2.6878081999999998e-2,0,0,none,none,0,,6.2500000001364242e-4,2.7750000000082764e-2,6.3016600000003109e-1,6.2229099999990467e-1,8.7500000006457412e-4,1.5419999999721767e-3,8.3300000005692709e-4,8.7499999998499334e-3
220,3.6666666666666665e+0,3.6699999999999999e+0,734,track,1,1,3.1697389094269869e+2,2.4252056377079484e+2,3.3550387596899223e-1,3.4614426085550321e-2,2.6054188747484858e-2,-4.1263053518177806e-4,4.4301031594776033e-4,-5.5008386833030722e-4,-4.7310662366640503e-4,220,3.5054648131669690e-2,2.6404975376333593e-2,3.5604732000000000e-2,2.6878081999999998e-2,0,0,none,none,0,,5.0000000010186341e-4,1.2665999999967426e-2,6.1125000000004093e-1,6.0374999999999091e-1,7.5000000003910827e-4,1.4579999999568827e-3,7.9200000004675530e-4,8.5839999999279826e-3
221,3.6833333333333331e+0,3.6850000000000001e+0,737,track,1,1,3.1701777469990765e+2,2.4252285318559558e+2,3.3581395348837212e-1,3.4611783856622225e-2,2.6058607914135709e-2,-3.7710613438139901e-4,4.1814427592803358e-4,-5.6175689935745998e-4,-4.7679960974731820e-4,221,3.5042975100642540e-2,2.6401282390252679e-2,3.5604732000000000e-2,2.6878081999999998e-2,0,0,none,none,0,,6.2500000001364242e-4,1.2583000000063294e-2,6.0204200000009678e-1,5.9441700000002129e-1,7.9199999993306847e-4,1.5409999999747015e-3,8.7499999995088729e-4,8.4159999997837076e-3
222,3.7000000000000002e+0,3.7000000000000002e+0,740,track,1,1,3.1708360277136256e+2,2.4252147806004618e+2,3.3015630956919556e-1,3.4615517683592500e-2,2.6061744874367146e-2,-2.9306340949335983e-4,3.8599901902256335e-4,-5.6781875438116256e-4,-4.8121319757341426e-4,222,3.5036913245618841e-2,2.6396868802426584e-2,3.5604732000000000e-2,2.6878081999999998e-2,0,0,none,none,0,,6.2500000001364242e-4,1.2458000000037828e-2,6.0520799999994779e-1,5.9795800000006238e-1,7.4999999992542143e-4,1.4999999999645297e-3,8.3400000005440234e-4,8.2509999999729189e-3
223,3.7166666666666668e+0,3.7200000000000002e+0,744,track,1,1,3.1714671903881703e+2,2.4252310536044362e+2,3.1952750092284976e-1,3.4624463570164465e-2,2.6063580252358786e-2,-1.7704960023240803e-4,3.4742969552875721e-4,-5.6947911736600083e-4,-4.8636383707022218e-4,223,3.5035252882633997e-2,2.6391718162929775e-2,3.5604732000000000e-2,2.6878081999999998e-2,0,0,none,none,0,,6.2500000001364242e-4,1.2541999999939435e-2,6.1524999999994634e-1,6.0741700000005494e-1,8.7499999995088729e-4,1.5409999999747015e-3,8.3399999994071550e-4,8.4160000001247681e-3
224,3.7333333333333334e+0,3.7349999999999999e+0,747,track,1,1,3.1720848708487085e+2,2.4252329335793357e+2,3.1026833631484796e-1,3.4637642855866346e-2,2.6064466540341814e-2,-4.1743863646612759e-5,3.0629127582154777e-4,-5.6770967182693784e-4,-4.9198476654348016e-4,224,3.5037022328173059e-2,2.6386097233456519e-2,3.5604732000000000e-2,2.6878081999999998e-2,0,0,none,none,0,,4.9999999998817657e-4,3.3249999999952706e-2,6.3366699999994580e-1,6.1374999999998181e-1,2.1659999999883439e-3,4.9580000001014923e-3,1.7090000000052896e-3,1.6749000000118031e-2
225,3.7500000000000000e+0,3.7500000000000000e+0,750,track,1,1,3.1725519150899862e+2,2.4252307337332718e+2,3.1012522361359568e-1,3.4653055474635153e-2,2.6064635914168244e-2,9.3379320154915614e-5,2.6489051892437850e-4,-5.6418788134160892e-4,-4.9791245894497218e-4,225,3.5040544118658389e-2,2.6380169541055026e-2,3.5604732000000000e-2,2.6878081999999998e-2,0,0,none,none,0,,6.6700000002128945e-4,2.2791999999981272e-2,6.1700000000007549e-1,6.0462499999994179e-1,1.3330000000451037e-3,2.5829999999587017e-3,1.2090000000171131e-3,1.3542000000029475e-2
226,3.7666666666666666e+0,3.7700000000000000e+0,754,track,1,1,3.1728210744754438e+2,2.4252213511643993e+2,3.1033989266547407e-1,3.4668565417208086e-2,2.6064317778431160e-2,2.1042778613487403e-4,2.2518843739306019e-4,-5.6060476189132762e-4,-5.0399104526673748e-4,226,3.5044127238108673e-2,2.6374090954733261e-2,3.5604732000000000e-2,2.6878081999999998e-2,0,0,none,none,0,,6.2500000001364242e-4,2.0375000000058208e-2,5.9279099999992013e-1,5.8241700000007768e-1,1.2090000000171131e-3,1.9589999999425345e-3,1.0409999999865249e-3,1.0210000000029140e-2
227,3.7833333333333332e+0,3.7850000000000001e+0,757,track,1,1,3.1729695431472084e+2,2.4252145823719428e+2,3.1012522361359568e-1,3.4682952617046681e-2,2.6063631619094921e-2,3.0169409977420162e-4,1.8794984059618234e-4,-5.5787607286242422e-4,-5.1015276692481547e-4,227,3.5046855927137577e-2,2.6367929233075182e-2,3.5604732000000000e-2,2.6878081999999998e-2,0,0,none,none,0,,5.8300000000599539e-4,1.5041999999994005e-2,5.8962499999995543e-1,5.8074999999996635e-1,9.9999999997635314e-4,1.7090000000052896e-3,8.3400000005440234e-4,1.0126000000013846e-2
228,3.7999999999999998e+0,3.7999999999999998e+0,760,track,1,1,3.1730285911920680e+2,2.4251475674429329e+2,3.1033989266547407e-1,3.4695448906894910e-2,2.6063181701549875e-2,3.6433908569673945e-4,1.5789913332171321e-4,-5.5653894921905034e-4,-5.1596013466549239e-4,228,3.5048193050780947e-2,2.6362121865334504e-2,3.5604732000000000e-2,2.6878081999999998e-2,0,0,none,none,0,,5.4200000010951044e-4,1.4042000000017651e-2,6.0550000000000637e-1,5.7441700000003948e-1,8.3400000005440234e-4,1.6583000000082393e-2,1.0829999999941720e-3,8.9159999998855710e-3
229,3.8166666666666669e+0,3.8199999999999998e+0,764,track,1,1,3.1730419741697415e+2,2.4250438191881918e+2,3.1026833631484796e-1,3.4705789173827384e-2,2.6063295558424078e-2,4.0014032178455218e-4,1.3677887412969826e-4,-5.5673344807663830e-4,-5.2120109725536056e-4,229,3.5047998551923365e-2,2.6356880902744639e-2,3.5604732000000000e-2,2.6878081999999998e-2,0,0,none,none,0,,5.8300000000599539e-4,1.4667000000031294e-2,5.9812499999998181e-1,5.8929200000000037e-1,1.0419999999840002e-3,2.0409999999628781e-3,8.3300000005692709e-4,9.3759999999747379e-3
230,3.8333333333333335e+0,3.8350000000000000e+0,767,track,1,1,3.1730599769319491e+2,2.4249377162629759e+2,3.1019677996422185e-1,3.4714199033569315e-2,2.6063966853090120e-2,4.1474329408343834e-4,1.2328737361973392e-4,-5.5823004028953088e-4,-5.2592127932732141e-4,230,3.5046501959710472e-2,2.6352160720672677e-2,3.5604732000000000e-2,2.6878081999999998e-2,0,0,none,none,0,,5.4099999999834836e-4,1.3542000000029475e-2,5.8395900000004985e-1,5.7600000000002183e-1,7.5000000003910827e-4,1.5839999999798238e-3,8.3300000005692709e-4,8.3740000000034343e-3
231,3.8500000000000001e+0,3.8500000000000001e+0,770,track,1,1,3.1730811808118079e+2,2.4247555350553506e+2,3.1026833631484796e-1,3.4720908698780306e-2,2.6065765887645906e-2,4.1304277350269020e-4,1.2114199989417046e-4,-5.6081449529858619e-4,-5.2971869681886486e-4,231,3.5043917504701413e-2,2.6348363303181133e-2,3.5604732000000000e-2,2.6878081999999998e-2,0,0,none,none,0,,5.8300000000599539e-4,1.3625000000047294e-2,5.8337499999993270e-1,5.7566700000006676e-1,7.9200000004675530e-4,1.5839999999798238e-3,8.3299999994324025e-4,8.5830000000441942e-3
232,3.8666666666666667e+0,3.8700000000000001e+0,774,track,1,1,3.1730816232418721e+2,2.4245688263776805e+2,3.1033989266547407e-1,3.4725962476400696e-2,2.6025963419434771e-2,3.9768975946674324e-4,-2.2967322944654126e-4,-5.6442985124360617e-4,-4.3210645367468004e-4,232,3.5040302148756391e-2,2.6271442546325321e-2,3.5604732000000000e-2,2.6703549000000000e-2,0,0,none,none,0,,5.4199999999582360e-4,1.3542000000029475e-2,5.8325000000002092e-1,5.7570800000007694e-1,7.9199999993306847e-4,1.5419999999721767e-3,7.9200000004675530e-4,8.4989999999152133e-3
233,3.8833333333333333e+0,3.8849999999999998e+0,777,track,1,1,3.1730687586525153e+2,2.4244162436548223e+2,3.1012522361359568e-1,3.4729485116715253e-2,2.5992688938663615e-2,3.7163941471546271e-4,-4.7668285633306780e-4,-5.6896481615875043e-4,-4.6658573207385905e-4,233,3.5035767183841250e-2,2.6236963267926142e-2,3.5604732000000000e-2,2.6703549000000000e-2,0,0,none,none,0,,5.4099999999834836e-4,1.3333999999986190e-2,5.8149999999989177e-1,5.7383400000003348e-1,8.3399999994071550e-4,1.5419999999721767e-3,8.3399999994071550e-4,8.5000000001400622e-3
234,3.8999999999999999e+0,3.8999999999999999e+0,780,track,1,1,3.1730724838411817e+2,2.4242174515235456e+2,3.0998211091234346e-1,3.4731849026989892e-2,2.5966026087228124e-2,3.3951119517523738e-4,-6.3369796434059784e-4,-5.7412737342595630e-4,-4.9414180531316839e-4,234,3.5030604626574043e-2,2.6209407194686833e-2,3.5604732000000000e-2,2.6703549000000000e-2,0,0,none,none,0,,5.8400000000347063e-4,1.3791999999966720e-2,5.8275000000003274e-1,5.7524999999998272e-1,7.5000000003910827e-4,1.5000000000782165e-3,7.9199999993306847e-4,8.2909999999856154e-3
235,3.9166666666666665e+0,3.9199999999999999e+0,784,track,1,1,3.1730849100138443e+2,2.4236086755883710e+2,3.1012522361359568e-1,3.4733330449199684e-2,2.5948782689020011e-2,3.0447205413223469e-4,-6.8974724518841416e-4,-5.7971288079273835e-4,-5.1318800165809156e-4,235,3.5025019119207260e-2,2.6190360998341908e-2,3.5604732000000000e-2,2.6703549000000000e-2,0,0,none,none,0,,4.9999999998817657e-4,1.4290999999957421e-2,6.0637500000007094e-1,5.9879100000000562e-1,8.3299999994324025e-4,1.5409999999747015e-3,8.3300000005692709e-4,8.5010000000238506e-3
236,3.9333333333333331e+0,3.9350000000000001e+0,787,track,1,1,3.1730977634309431e+2,2.4227150103758359e+2,3.1518895348837211e-1,3.4734111658440980e-2,2.5942215254410549e-2,2.6845795284709359e-4,-6.4840628042971355e-4,-5.8559673128880769e-4,-5.2330233492654333e-4,236,3.5019135268711192e-2,2.6180246665073455e-2,3.5604732000000000e-2,2.6703549000000000e-2,0,0,none,none,0,,5.8400000000347063e-4,1.3708000000065113e-2,5.8279200000004039e-1,5.7533399999999801e-1,7.4999999992542143e-4,1.4999999999645297e-3,8.3300000005692709e-4,8.1659999999601496e-3
237,3.9500000000000002e+0,3.9500000000000002e+0,790,track,1,1,3.1731169131238448e+2,2.4217097966728281e+2,3.1952750092284976e-1,3.4734401926282743e-2,2.5945837614014752e-2,2.3336064951395038e-4,-5.2736904611656453e-4,-5.9163756714618971e-4,-5.2532755029581631e-4,237,3.5013094432853810e-2,2.6178221449704185e-2,3.5604732000000000e-2,2.6703549000000000e-2,0,0,none,none,0,,5.8299999989230855e-4,1.3708999999948901e-2,5.8283299999993687e-1,5.7529199999999037e-1,7.9100000004928006e-4,1.4999999999645297e-3,8.3400000005440234e-4,8.3750000001145963e-3
238,3.9666666666666668e+0,3.9700000000000002e+0,794,track,1,1,3.1731557661197132e+2,2.4207707418534781e+2,3.2992756385817767e-1,3.4734490868551404e-2,2.5957633740934891e-2,2.0148138140654439e-4,-3.5468883174271347e-4,-5.9763654995394352e-4,-5.2116664999650930e-4,238,3.5007095450046058e-2,2.6182382350003492e-2,3.5604732000000000e-2,2.6703549000000000e-2,0,0,none,none,0,,5.8400000000347063e-4,1.3791000000082931e-2,5.8745899999996709e-1,5.7916699999998400e-1,7.4999999992542143e-4,2.2910000000138098e-3,8.3299999994324025e-4,8.3749999998872227e-3
239,3.9833333333333334e+0,3.9849999999999999e+0,797,track,1,1,3.1732994454713491e+2,242,3.3550387596899223e-1,3.4735309538156400e-2,2.5974907146001418e-2,1.8018028461579805e-4,-1.6020487833554934e-4,-6.0291093004039573e-4,-5.1310825571508427e-4,239,3.5001821069959603e-2,2.6190440744284917e-2,3.5604732000000000e-2,2.6703549000000000e-2,0,0,none,none,0,,4.9999999998817657e-4,1.4750000000049113e-2,6.0245799999995597e-1,5.9466599999996106e-1,9.5899999996618135e-4,1.4579999999568827e-3,8.3299999994324025e-4,8.3750000000009095e-3
240,4,4,800,track,1,1,3.1734195933456562e+2,2.4194431608133087e+2,3.2468117029257315e-1,3.4736625073909622e-2,2.5952245375485242e-2,1.6602512999864204e-4,-3.2790304259579109e-4,-6.0768897069716826e-4,-4.0277152922452435e-4,240,3.4997043029302830e-2,2.6126244470775474e-2,3.5604732000000000e-2,2.6529015999999999e-2,0,-3.4906600000000947e-2,none,none,0,,6.6600000002381421e-4,1.6082999999980530e-2,5.9745900000007168e-1,5.8895799999993415e-1,9.9999999997635314e-4,1.6249999999899956e-3,9.1699999995853432e-4,8.8339999998652274e-3
241,4.0166666666666666e+0,4.0199999999999996e+0,804,track,1,1,3.1735684551341353e+2,2.4190818686401479e+2,3.2438109527381848e-1,3.4738635629464554e-2,2.5935905615280010e-2,1.5967905880618659e-4,-4.1912438962737723e-4,-6.1185377187498004e-4,-4.2505051288443008e-4,241,3.4992878228125017e-2,2.6103965487115570e-2,3.5604732000000000e-2,2.6529015999999999e-2,0,0,none,none,0,,5.4199999999582360e-4,1.3583000000039647e-2,5.8275000000003274e-1,5.7508300000006329e-1,8.3299999994324025e-4,1.4589999999543579e-3,7.9200000004675530e-4,8.4589999999025167e-3
242,4.0333333333333332e+0,4.0350000000000001e+0,807,track,1,1,3.1737251732101618e+2,2.4188383371824480e+2,3.1967515688445919e-1,3.4698699849354142e-2,2.5924362062096019e-2,-1.9764217710465485e-4,-4.5735991961806319e-4,-5.1484138220166716e-4,-4.4207137638743580e-4,242,3.4915357617798327e-2,2.6086944623612562e-2,3.5430198999999996e-2,2.6529015999999999e-2,0,0,none,none,0,,5.4199999999582360e-4,1.3332999999988715e-2,5.8395900000004985e-1,5.7666700000004312e-1,7.9100000004928006e-4,1.4159999999492356e-3,8.3300000005692709e-4,8.2079999999677966e-3
243,4.0499999999999998e+0,4.0499999999999998e+0,810,track,1,1,3.1739260969976903e+2,2.4184364896073902e+2,3.1967515688445919e-1,3.4665630986381757e-2,2.5918380717224906e-2,-4.4740515231785278e-4,-4.4359187708245041e-4,-5.4962622196585173e-4,-4.5368525938364277e-4,243,3.4880572778034143e-2,2.6075330740616357e-2,3.5430198999999996e-2,2.6529015999999999e-2,0,0,none,none,0,,5.8400000000347063e-4,1.3292000000092230e-2,5.8370800000000145e-1,5.7545899999990979e-1,7.5000000003910827e-4,2.2920000000112850e-3,8.3300000005692709e-4,8.0829999999423308e-3
244,4.0666666666666664e+0,4.0700000000000003e+0,814,track,1,1,3.1741760904684975e+2,2.4179056081237019e+2,3.1489825581395348e-1,3.4639500214407093e-2,2.5918293168351945e-2,-6.0405018344717083e-4,-3.8230921475839228e-4,-5.7721949045219981e-4,-4.6001760677135631e-4,244,3.4852979509547799e-2,2.6068998393228644e-2,3.5430198999999996e-2,2.6529015999999999e-2,0,0,none,none,0,,5.4099999999834836e-4,1.3542000000029475e-2,5.8220800000003692e-1,5.7487499999990632e-1,7.5000000003910827e-4,1.4170000000603977e-3,8.3299999994324025e-4,8.2919999999830907e-3
245,4.0833333333333330e+0,4.0850000000000000e+0,817,track,1,1,3.1749515682656829e+2,2.4172855166051662e+2,3.1026833631484796e-1,3.4624003024038785e-2,2.5923974039977985e-2,-6.4959653948047278e-4,-2.8120648751805418e-4,-5.9537033894508252e-4,-4.6148146890557623e-4,245,3.4834828661054910e-2,2.6067534531094422e-2,3.5430198999999996e-2,2.6529015999999999e-2,0,0,none,none,0,,4.9999999998817657e-4,1.2957999999912317e-2,5.8524999999997362e-1,5.7804099999998471e-1,7.4999999992542143e-4,1.4169999999467109e-3,7.9100000004928006e-4,8.1250000000636646e-3
246,4.0999999999999996e+0,4.0999999999999996e+0,820,track,1,1,3.1760449826989617e+2,2.4167116493656286e+2,3.1019677996422185e-1,3.4620492996106478e-2,2.5934145029348057e-2,-5.8822217538289376e-4,-1.5657370892988799e-4,-6.0361955449321784e-4,-4.5930487147685304e-4,246,3.4826579445506781e-2,2.6069711128523146e-2,3.5430198999999996e-2,2.6529015999999999e-2,0,0,none,none,0,,5.8300000000599539e-4,1.3332999999988715e-2,5.8162500000003092e-1,5.7437499999991815e-1,7.5000000003910827e-4,1.4170000000603977e-3,8.3299999994324025e-4,8.1249999999499778e-3
247,4.1166666666666663e+0,4.1200000000000001e+0,824,track,1,1,3.1771817343173433e+2,2.4162200184501845e+2,3.1511627906976747e-1,3.4627736594355696e-2,2.5947345926890401e-2,-4.4522269783993460e-4,-2.3949347751960146e-5,-6.0341206156313805e-4,-4.5476701658161224e-4,247,3.4826786938436854e-2,2.6074248983418386e-2,3.5430198999999996e-2,2.6529015999999999e-2,0,0,none,none,0,,5.4099999999834836e-4,1.3916999999992186e-2,5.8458300000006602e-1,5.7741699999996854e-1,7.5000000003910827e-4,1.4160000000629225e-3,8.3400000005440234e-4,8.7089999999534484e-3
248,4.1333333333333337e+0,4.1349999999999998e+0,827,track,1,1,3.1782009237875286e+2,2.4157921478060047e+2,3.1468023255813954e-1,3.4643191644679661e-2,2.5962425700984414e-2,-2.5333459143361760e-4,1.0589401365205078e-4,-5.9705515037705335e-4,-4.4883467368431732e-4,248,3.4833143849622945e-2,2.6080181326315680e-2,3.5430198999999996e-2,2.6529015999999999e-2,0,0,none,none,0,,4.9999999998817657e-4,1.3291999999978543e-2,5.8704199999999673e-1,5.7995800000003328e-1,7.5000000003910827e-4,1.3749999999390639e-3,8.3300000005692709e-4,8.0000000000381988e-3
249,4.1500000000000004e+0,4.1500000000000004e+0,830,track,1,1,3.1789376443418013e+2,2.4155658198614319e+2,3.3015630956919556e-1,3.4663201132094201e-2,2.5977273340988219e-2,-5.0069289700107326e-5,2.1563718847163275e-4,-5.8755626389133428e-4,-4.4315410677421650e-4,249,3.4842642736108660e-2,2.6085861893225783e-2,3.5430198999999996e-2,2.6529015999999999e-2,0,0,none,none,0,,6.2500000001364242e-4,1.3542000000029475e-2,5.9054099999991649e-1,5.8245799999997416e-1,8.7500000006457412e-4,1.7080000000078144e-3,8.7500000006457412e-4,8.2089999999652719e-3
250,4.1666666666666670e+0,4.1699999999999999e+0,834,track,1,1,3.1793803369489962e+2,2.4154477267482113e+2,3.3038505528021350e-1,3.4641803055668774e-2,2.5990823961377942e-2,-2.2256476849888225e-4,2.9915763550042212e-4,-4.7691360033256158e-4,-4.3850256007127843e-4,250,3.4778752399667434e-2,2.6090513439928721e-2,3.5255665999999998e-2,2.6529015999999999e-2,0,0,none,none,0,,6.6700000002128945e-4,2.5541000000089298e-2,6.3675000000000637e-1,6.1770799999999326e-1,1.8750000000409273e-3,5.4999999999836291e-3,1.5410000000883883e-3,1.4166999999815744e-2
251,4.1833333333333336e+0,4.1849999999999996e+0,837,track,1,1,3.1795391545391544e+2,2.4154158004158003e+2,3.3008006099885628e-1,3.4624733824086817e-2,2.6002372735425230e-2,-3.3463219108745512e-4,3.5420910000130067e-4,-5.0036974244802566e-4,-4.3535713939740517e-4,251,3.4755296257551971e-2,2.6093658860602595e-2,3.5255665999999998e-2,2.6529015999999999e-2,0,0,none,none,0,,6.2500000001364242e-4,1.8625000000042746e-2,6.0408400000005713e-1,5.9308299999997871e-1,1.1670000000094660e-3,2.4999999999408828e-3,9.1699999995853432e-4,1.3166999999953077e-2
252,4.2000000000000002e+0,4.2000000000000002e+0,840,track,1,1,3.1796073903002309e+2,2.4153833718244803e+2,3.3015630956919556e-1,3.4610970169797639e-2,2.6012054087650248e-2,-4.0330336777816874e-4,3.8589933846876852e-4,-5.1961322231100526e-4,-4.3354553079951575e-4,252,3.4736052777688993e-2,2.6095470469200483e-2,3.5255665999999998e-2,2.6529015999999999e-2,0,0,none,none,0,,6.2500000001364242e-4,1.6166999999995824e-2,6.0587499999996908e-1,5.9616700000003675e-1,1.0419999999840002e-3,2.0420000000740401e-3,8.7500000006457412e-4,9.4160000001011213e-3
253,4.2166666666666668e+0,4.2199999999999998e+0,844,track,1,1,3.1799769053117785e+2,2.4153418013856813e+2,3.3565891472868215e-1,3.4602669231054151e-2,2.6020103311816010e-2,-4.1655045322667609e-4,3.9946814044872008e-4,-5.3340614749366674e-4,-4.3283654049910226e-4,253,3.4722259852506335e-2,2.6096179459500896e-2,3.5255665999999998e-2,2.6529015999999999e-2,0,0,none,none,0,,4.9999999998817657e-4,2.9084000000011656e-2,6.2058300000001054e-1,6.1058299999990595e-1,1.8340000000307555e-3,1.8330000000332802e-3,8.7499999995088729e-4,1.0498999999981606e-2
254,4.2333333333333334e+0,4.2350000000000003e+0,847,track,1,1,3.1804585354585356e+2,2.4153834603834605e+2,3.3008006099885628e-1,3.4600094549952942e-2,2.6026023099192250e-2,-3.7991140436298556e-4,3.9327738020572810e-4,-5.4194572404519365e-4,-4.3357557015100254e-4,254,3.4713720275954804e-2,2.6095440429848998e-2,3.5255665999999998e-2,2.6529015999999999e-2,0,0,none,none,0,,5.8400000000347063e-4,1.4542000000005828e-2,6.1604099999999562e-1,6.0725000000002183e-1,9.5800000008239294e-4,1.7500000000154614e-3,9.1599999996105907e-4,1.3875000000098225e-2
255,4.2500000000000000e+0,4.2500000000000000e+0,850,track,1,1,3.1810600461893762e+2,2.4153833718244803e+2,3.3015630956919556e-1,3.4603437846076446e-2,2.6030419679550672e-2,-2.9875241088359852e-4,3.7517486839939740e-4,-5.4541765059282590e-4,-4.3525896883485327e-4,255,3.4710248349407169e-2,2.6093757031165146e-2,3.5255665999999998e-2,2.6529015999999999e-2,0,0,none,none,0,,5.8400000000347063e-4,7.5833999999986190e-2,6.8733300000008057e-1,6.7683299999998781e-1,1.2090000000171131e-3,2.0839999999680003e-3,9.9999999997635314e-4,2.1915999999919222e-2
256,4.2666666666666666e+0,4.2699999999999996e+0,854,track,1,1,3.1817028399907645e+2,2.4153555760794274e+2,3.1475290697674418e-1,3.4612145616300438e-2,2.6033737389012854e-2,-1.8394065561641186e-4,3.5055321252476371e-4,-5.4451876173044675e-4,-4.3753391143582865e-4,256,3.4711147238269555e-2,2.6091482088564169e-2,3.5255665999999998e-2,2.6529015999999999e-2,0,0,none,none,0,,5.8300000000599539e-4,2.3082999999928688e-2,6.5970800000002328e-1,6.5004199999998491e-1,1.1249999998881322e-3,1.8750000000409273e-3,1.3329999999314168e-3,1.0084000000006199e-2
257,4.2833333333333332e+0,4.2850000000000001e+0,857,track,1,1,3.1822536348949922e+2,2.4153831063927996e+2,3.1005366726296957e-1,3.4624593006313376e-2,2.6035713753629557e-2,-5.3810933604183519e-5,3.1812209684265635e-4,-5.4069322055344483e-4,-4.4060386770824827e-4,257,3.4714972779446553e-2,2.6088412132291752e-2,3.5255665999999998e-2,2.6529015999999999e-2,0,0,none,none,0,,5.4199999999582360e-4,3.0624999999986358e-2,6.5354200000001583e-1,6.3733300000001236e-1,1.2080000000196378e-3,1.8329999999195934e-3,6.8330000000287328e-3,9.8319999999603169e-3
258,4.2999999999999998e+0,4.2999999999999998e+0,860,track,1,1,3.1826158635001156e+2,2.4153689186073322e+2,3.1033989266547407e-1,3.4638546089080791e-2,2.6036912739558094e-2,7.0756142883955750e-5,2.8370410539224703e-4,-5.3576055270528197e-4,-4.4403464576963606e-4,258,3.4719905447294717e-2,2.6084981354230364e-2,3.5255665999999998e-2,2.6529015999999999e-2,0,0,none,none,0,,6.6600000002381421e-4,1.4667000000031294e-2,6.0183300000005602e-1,5.9412499999996271e-1,8.7499999995088729e-4,1.6249999999899956e-3,5.8300000000599539e-4,8.9999999999008651e-3
259,4.3166666666666664e+0,4.3200000000000003e+0,864,track,1,1,3.1828126442085835e+2,2.4153807106598984e+2,3.1012522361359568e-1,3.4652239165708920e-2,2.6037290753253929e-2,1.7572689031762520e-4,2.4721133662645994e-4,-5.3109279571895616e-4,-4.4787433084286576e-4,259,3.4724573204281045e-2,2.6081141669157135e-2,3.5255665999999998e-2,2.6529015999999999e-2,0,0,none,none,0,,5.8400000000347063e-4,1.1458000000061475e-2,5.9862500000008367e-1,5.9154200000000401e-1,8.3299999994324025e-4,1.5419999999721767e-3,2.9199999994489190e-4,8.6249999998244675e-3
260,4.3333333333333330e+0,4.3350000000000000e+0,867,track,1,1,3.1829105166051659e+2,2.4153574723247232e+2,3.1026833631484796e-1,3.4664695104183352e-2,2.6037303238103351e-2,2.5564443592839036e-4,2.1275429656891374e-4,-5.2740196378157835e-4,-4.5178730107099701e-4,260,3.4728264036218419e-2,2.6077228698929002e-2,3.5255665999999998e-2,2.6529015999999999e-2,0,0,none,none,0,,5.8300000000599539e-4,1.1375000000043656e-2,5.9924999999998363e-1,5.9245800000007875e-1,8.7500000006457412e-4,1.5410000000883883e-3,2.4999999993724487e-4,8.9590000000043801e-3
261,4.3499999999999996e+0,4.3499999999999996e+0,870,track,1,1,3.1829474169741695e+2,2.4153759225092250e+2,3.1026833631484796e-1,3.4675411199856399e-2,2.6036730647002695e-2,3.0979449718954746e-4,1.7820672939097745e-4,-5.2501505333785148e-4,-4.5596515813283405e-4,261,3.4730650946662146e-2,2.6073050841867167e-2,3.5255665999999998e-2,2.6529015999999999e-2,0,0,none,none,0,,5.8400000000347063e-4,1.0625000000004547e-2,5.8233400000005986e-1,5.7570799999996325e-1,7.9199999993306847e-4,1.4999999999645297e-3,2.5000000005093170e-4,8.0409999999346837e-3
262,4.3666666666666663e+0,4.3700000000000001e+0,874,track,1,1,3.1829474169741695e+2,2.4153759225092250e+2,3.1026833631484796e-1,3.4684191732459624e-2,2.6035862777807704e-2,3.4013775887605993e-4,1.4601222995007870e-4,-5.2402088852880721e-4,-4.6020066456442559e-4,262,3.4731645111471192e-2,2.6068815335435574e-2,3.5255665999999998e-2,2.6529015999999999e-2,0,0,none,none,0,,5.4199999999582360e-4,9.7079999999323263e-3,5.8279100000004291e-1,5.7629199999996672e-1,7.5000000003910827e-4,1.5000000000782165e-3,2.4999999993724487e-4,8.3349999999882129e-3
263,4.3833333333333337e+0,4.3849999999999998e+0,877,track,1,1,3.1829478902467145e+2,2.4153850587964030e+2,3.1033989266547407e-1,3.4691213440781965e-2,2.6034728095252670e-2,3.5148512247677342e-4,1.1608059733194179e-4,-5.2423054140357235e-4,-4.6449276573718991e-4,263,3.4731435458596423e-2,2.6064523234262810e-2,3.5255665999999998e-2,2.6529015999999999e-2,0,0,none,none,0,,4.9999999998817657e-4,9.5830000000205473e-3,5.8020799999997053e-1,5.7383299999992232e-1,7.0900000002893648e-4,1.4999999999645297e-3,2.5000000005093170e-4,8.0000000000381988e-3
264,4.4000000000000004e+0,4.4000000000000004e+0,880,track,1,1,3.1829478902467145e+2,2.4153850587964030e+2,3.1033989266547407e-1,3.4696662888663354e-2,2.6033493576247194e-2,3.4805731020219897e-4,8.9496135991809256e-5,-5.2546414217934448e-4,-4.6873234453995356e-4,264,3.4730201857820650e-2,2.6060283655460044e-2,3.5255665999999998e-2,2.6529015999999999e-2,0,0,none,none,0,,5.8400000000347063e-4,9.7079999999323263e-3,6.0554200000001401e-1,5.9891700000002857e-1,7.9099999993559322e-4,1.4169999999467109e-3,2.4999999993724487e-4,7.9580000000305517e-3
265,4.4166666666666670e+0,4.4199999999999999e+0,884,track,1,1,3.1829478902467145e+2,2.4153850587964030e+2,3.1033989266547407e-1,3.4700738029783906e-2,2.6032225767096961e-2,3.3358050211942253e-4,6.6349106035738944e-5,-5.2754694734208568e-4,-4.7288899094051013e-4,265,3.4728119052657914e-2,2.6056127009059488e-2,3.5255665999999998e-2,2.6529015999999999e-2,0,0,none,none,0,,4.9999999998817657e-4,9.0830000000323707e-3,5.9554100000002563e-1,5.8908399999995709e-1,7.5000000003910827e-4,1.5000000000782165e-3,2.9099999994741665e-4,8.0839999999398060e-3
266,4.4333333333333336e+0,4.4349999999999996e+0,887,track,1,1,3.1829543357933579e+2,2.4153643911439116e+2,3.1026833631484796e-1,3.4703687124903126e-2,2.6031141913787074e-2,3.1168192941920036e-4,4.7981276889190938e-5,-5.3027742686256136e-4,-4.7681592973564276e-4,266,3.4725388573137436e-2,2.6052200070264358e-2,3.5255665999999998e-2,2.6529015999999999e-2,0,0,none,none,0,,4.9999999998817657e-4,9.5410000000129003e-3,5.9537499999999000e-1,5.8904199999994944e-1,7.4999999992542143e-4,1.4580000000705695e-3,2.4999999993724487e-4,7.8339999998888743e-3
267,4.4500000000000002e+0,4.4500000000000002e+0,890,track,1,1,3.1829580548513485e+2,2.4153341783821156e+2,3.1048300536672629e-1,3.4705669868056788e-2,2.6030333858495607e-2,2.8473877998803980e-4,3.4494893270187743e-5,-5.3353249211650594e-4,-4.8046528782928912e-4,267,3.4722133507883494e-2,2.6048550712170711e-2,3.5255665999999998e-2,2.6529015999999999e-2,0,0,none,none,0,,5.8300000000599539e-4,1.1291999999912150e-2,5.8195800000009967e-1,5.7566699999995308e-1,7.0800000003146124e-4,1.4579999999568827e-3,2.5000000005093170e-4,8.7079999999559732e-3
268,4.4666666666666668e+0,4.4699999999999998e+0,894,track,1,1,3.1829778648835600e+2,2.4152882176619784e+2,3.1033989266547407e-1,3.4706987910396947e-2,2.6029922064881836e-2,2.5598668748228652e-4,2.6217993672730205e-5,-5.3708689867849142e-4,-4.8376609334723679e-4,268,3.4718579101321506e-2,2.6045249906652763e-2,3.5255665999999998e-2,2.6529015999999999e-2,0,0,none,none,0,,4.9999999998817657e-4,1.0374999999953616e-2,5.8158400000002075e-1,5.7529199999999037e-1,7.0900000002893648e-4,1.4169999999467109e-3,2.5000000005093170e-4,7.9580000000305517e-3
269,4.4833333333333334e+0,4.4850000000000003e+0,897,track,1,1,3.1829607843137256e+2,2.4152191464821223e+2,3.1019677996422185e-1,3.4707484755680085e-2,2.6030060766272643e-2,2.2436580188322966e-4,2.3716027930207021e-5,-5.4107398411780817e-4,-4.8662132928886225e-4,269,3.4714592015882187e-2,2.6042394670711136e-2,3.5255665999999998e-2,2.6529015999999999e-2,0,0,none,none,0,,5.8300000000599539e-4,1.0417000000074950e-2,5.8375000000000909e-1,5.7737499999996089e-1,7.0900000002893648e-4,1.4590000000680448e-3,2.0900000004075991e-4,7.8750000000127329e-3
270,4.5000000000000000e+0,4.5000000000000000e+0,900,track,1,1,3.1829843173431732e+2,2.4150714944649445e+2,3.1026833631484796e-1,3.4707650808346813e-2,2.6031318693425093e-2,1.9439090491155814e-4,3.0952360000888323e-5,-5.4512726525556747e-4,-4.8861847721805730e-4,270,3.4710538734744431e-2,2.6040397522781943e-2,3.5255665999999998e-2,2.6529015999999999e-2,0,0,none,none,0,,5.8400000000347063e-4,1.0457999999971435e-2,5.8154199999989942e-1,5.7520799999997507e-1,7.0800000003146124e-4,1.4159999999492356e-3,2.5000000005093170e-4,7.9580000001442386e-3
271,4.5166666666666666e+0,4.5199999999999996e+0,904,track,1,1,3.1830027675276750e+2,2.4149907749077491e+2,3.1026833631484796e-1,3.4707546817228874e-2,2.6033008111017067e-2,1.6634146169774720e-4,4.0796517119143019e-5,-5.4922212497281392e-4,-4.9031611217609228e-4,271,3.4706443875027186e-2,2.6038699887823907e-2,3.5255665999999998e-2,2.6529015999999999e-2,0,0,none,none,0,,6.2500000001364242e-4,1.0249999999928150e-2,5.8079199999997400e-1,5.7445800000004965e-1,7.0799999991777440e-4,1.4160000000629225e-3,2.4999999993724487e-4,8.0830000000560176e-3
272,4.5333333333333332e+0,4.5350000000000001e+0,907,track,1,1,3.1829838709677421e+2,2.4148847926267280e+2,3.1055456171735241e-1,3.4706963259003132e-2,2.6035259145483783e-2,1.3819071698631190e-4,5.3975460020280004e-5,-5.5353849169356749e-4,-4.9162148965812798e-4,272,3.4702127508306431e-2,2.6037394510341871e-2,3.5255665999999998e-2,2.6529015999999999e-2,0,0,none,none,0,,5.4199999999582360e-4,1.0750000000030013e-2,5.8137500000009368e-1,5.7516700000007859e-1,7.0800000003146124e-4,1.4169999999467109e-3,2.0800000004328467e-4,7.7909999998837520e-3
273,4.5499999999999998e+0,4.5499999999999998e+0,910,track,1,1,3.1829617246944895e+2,2.4147671201291215e+2,3.1033989266547407e-1,3.4705989918325741e-2,2.6038070405140230e-2,1.1070598245658817e-4,7.0011289755669766e-5,-5.5801855369274700e-4,-4.9254450490073573e-4,273,3.4697647446307253e-2,2.6036471495099262e-2,3.5255665999999998e-2,2.6529015999999999e-2,0,0,none,none,0,,5.8400000000347063e-4,1.0625000000004547e-2,5.8270799999991141e-1,5.7641699999999219e-1,7.0800000003146124e-4,1.4169999999467109e-3,2.5000000005093170e-4,7.7080000000933069e-3
274,4.5666666666666664e+0,4.5700000000000003e+0,914,track,1,1,3.1829709476596724e+2,2.4146979478902466e+2,3.1033989266547407e-1,3.4704982163320963e-2,2.6040951912730703e-2,8.6775113330844650e-5,8.4394472555813116e-5,-5.6240325255250869e-4,-4.9346558252481127e-4,274,3.4693262747447488e-2,2.6035550417475187e-2,3.5255665999999998e-2,2.6529015999999999e-2,0,0,none,none,0,,5.8300000000599539e-4,1.0207999999920503e-2,5.8174999999994270e-1,5.7483400000000984e-1,7.0900000002893648e-4,2.0420000000740401e-3,2.0800000004328467e-4,8.2500000000891305e-3
275,4.5833333333333330e+0,4.5850000000000000e+0,917,track,1,1,3.1829741876008296e+2,2.4146082046554505e+2,3.1048300536672629e-1,3.4703945142382508e-2,2.6044030734002310e-2,6.5944442640943299e-5,9.8421936853167823e-5,-5.6670958108423844e-4,-4.9427817047021467e-4,275,3.4688956418915756e-2,2.6034737829529784e-2,3.5255665999999998e-2,2.6529015999999999e-2,0,0,none,none,0,,4.9999999998817657e-4,1.0667000000012195e-2,6.3458300000002055e-1,6.1537499999997181e-1,3.0410000000529180e-3,3.8749999999936335e-3,7.0800000003146124e-4,9.4169999999849097e-3
276,4.5999999999999996e+0,4.5999999999999996e+0,920,track,1,1,3.1830521578582966e+2,2.4145476575121162e+2,3.1005366726296957e-1,3.4703524823648024e-2,2.6047019958367737e-2,5.3199177487737550e-5,1.0973669540314134e-4,-5.7046234112670456e-4,-4.9519685084101379e-4,276,3.4685203658873294e-2,2.6033819149158983e-2,3.5255665999999998e-2,2.6529015999999999e-2,0,0,none,none,0,,7.0800000003146124e-4,2.0958000000064203e-2,6.1695799999995415e-1,6.0558400000002166e-1,1.3329999999314168e-3,2.3749999999154170e-3,3.3399999995253893e-4,1.3251000000082058e-2
277,4.6166666666666663e+0,4.6200000000000001e+0,924,track,1,1,3.1831356714351637e+2,2.4145223811721274e+2,3.1012522361359568e-1,3.4703716899237236e-2,2.6049624325428827e-2,4.7372788895791595e-5,1.1624124174989356e-4,-5.7369860619533588e-4,-4.9643454827242456e-4,277,3.4681967393804664e-2,2.6032581451727575e-2,3.5255665999999998e-2,2.6529015999999999e-2,0,0,none,none,0,,5.4199999999582360e-4,1.5167000000019470e-2,5.9791699999993853e-1,5.8900000000005548e-1,1.0829999999941720e-3,1.7500000000154614e-3,2.9099999994741665e-4,1.0956999999962136e-2
278,4.6333333333333337e+0,4.6349999999999998e+0,927,track,1,1,3.1832868342172009e+2,2.4144558450541848e+2,3.1033989266547407e-1,3.4705001858219120e-2,2.6052208293136519e-2,5.1528504102620966e-5,1.2166529200060574e-4,-5.7607910642012148e-4,-4.9769439760739148e-4,278,3.4679586893579875e-2,2.6031321602392608e-2,3.5255665999999998e-2,2.6529015999999999e-2,0,0,none,none,0,,5.4099999999834836e-4,1.3958000000002357e-2,5.8808299999998326e-1,5.7999999999992724e-1,9.5799999996870611e-4,1.5409999999747015e-3,2.9199999994489190e-4,9.2510000000629589e-3
279,4.6500000000000004e+0,4.6500000000000004e+0,930,track,1,1,3.1833859810929215e+2,2.4144512335715933e+2,3.1033989266547407e-1,3.4706821012996159e-2,2.6054266405523743e-2,5.9584267793936078e-5,1.2191994284142480e-4,-5.7806621219977112e-4,-4.9935756052343796e-4,279,3.4677599787800224e-2,2.6029658439476560e-2,3.5255665999999998e-2,2.6529015999999999e-2,0,0,none,none,0,,6.2499999989995558e-4,1.2499999999931788e-2,5.8845800000005966e-1,5.8037500000000364e-1,9.5799999996870611e-4,1.5419999999721767e-3,2.9200000005857873e-4,8.7919999999712672e-3
280,4.6666666666666670e+0,4.6699999999999999e+0,934,track,1,1,3.1835348407937238e+2,2.4144347023534840e+2,3.1012522361359568e-1,3.4709491980855489e-2,2.6055957639543159e-2,7.3659126524700067e-5,1.1906147155229273e-4,-5.7942989171620176e-4,-5.0128410686289403e-4,280,3.4676236108283798e-2,2.6027731893137104e-2,3.5255665999999998e-2,2.6529015999999999e-2,0,0,none,none,0,,4.9999999998817657e-4,1.1915999999928317e-2,5.8416599999998198e-1,5.7629199999996672e-1,9.1699999995853432e-4,1.6249999999899956e-3,2.4999999993724487e-4,8.7930000000824293e-3
281,4.6833333333333336e+0,4.6849999999999996e+0,937,track,1,1,3.1836311172668513e+2,2.4143928901200368e+2,3.0998211091234346e-1,3.4712460480715635e-2,2.6057535225241860e-2,8.8262043211078070e-5,1.1564930643357432e-4,-5.8061196839535043e-4,-5.0327070892608580e-4,281,3.4675054031604646e-2,2.6025745291073914e-2,3.5255665999999998e-2,2.6529015999999999e-2,0,0,none,none,0,,5.4199999999582360e-4,1.1708999999996195e-2,5.8524999999997362e-1,5.7679199999995490e-1,9.1599999996105907e-4,1.5839999999798238e-3,2.9099999994741665e-4,8.6240000000543660e-3
282,4.7000000000000002e+0,4.7000000000000002e+0,940,track,1,1,3.1837289504036909e+2,2.4143494809688582e+2,3.1504360465116277e-1,3.4715672979146461e-2,2.6059032761569449e-2,1.0287013241396317e-4,1.1204269874245196e-4,-5.8165164921324488e-4,-5.0529123864710029e-4,282,3.4674014350786750e-2,2.6023724761352899e-2,3.5255665999999998e-2,2.6529015999999999e-2,0,0,none,none,0,,6.2500000001364242e-4,1.1625000000094587e-2,5.8391599999993105e-1,5.7612500000004729e-1,9.1700000007222116e-4,1.5420000000858636e-3,2.4999999993724487e-4,8.4579999999050415e-3
283,4.7166666666666668e+0,4.7199999999999998e+0,944,track,1,1,3.1838174273858920e+2,2.4142923005993546e+2,3.1041144901610018e-1,3.4718994848262241e-2,2.6060577838850459e-2,1.1635335920755083e-4,1.0933911072998524e-4,-5.8264837781069664e-4,-5.0724908117664351e-4,283,3.4673017622189301e-2,2.6021766918823356e-2,3.5255665999999998e-2,2.6529015999999999e-2,0,0,none,none,0,,5.4199999999582360e-4,1.1333000000036009e-2,5.8329200000002857e-1,5.7574999999997090e-1,9.1599999996105907e-4,1.5409999999747015e-3,2.5000000005093170e-4,8.9169999999967331e-3
284,4.7333333333333334e+0,4.7350000000000003e+0,947,track,1,1,3.1838491697416976e+2,2.4142550738007381e+2,3.1026833631484796e-1,3.4721929867869150e-2,2.6062010123795464e-2,1.2470649632342532e-4,1.0606735552592260e-4,-5.8397369140031710e-4,-5.0927099616946835e-4,284,3.4671692308599678e-2,2.6019745003830530e-2,3.5255665999999998e-2,2.6529015999999999e-2,0,0,none,none,0,,6.2500000001364242e-4,1.1624999999980901e-2,5.8554200000003220e-1,5.7799999999997453e-1,9.5799999996870611e-4,1.5419999999721767e-3,2.9200000005857873e-4,8.6239999999406791e-3
285,4.7500000000000000e+0,4.7500000000000000e+0,950,track,1,1,3.1838783752596356e+2,2.4142291714747287e+2,3.1005366726296957e-1,3.4724487558472461e-2,2.6063259154817803e-2,1.2872662570209600e-4,1.0171580708861698e-4,-5.8559966456310823e-4,-5.1140959307083202e-4,285,3.4670066335436893e-2,2.6017606406929166e-2,3.5255665999999998e-2,2.6529015999999999e-2,0,0,none,none,0,,5.8400000000347063e-4,1.0957999999959611e-2,5.8620900000005349e-1,5.7870800000000600e-1,9.1699999995853432e-4,1.5419999999721767e-3,2.5000000005093170e-4,8.9989999999033898e-3
286,4.7666666666666666e+0,4.7699999999999996e+0,954,track,1,1,3.1838963287924270e+2,2.4141410759639805e+2,3.0991055456171734e-1,3.4726615200707300e-2,2.6064855071389448e-2,1.2857729947509102e-4,1.0088244632570211e-4,-5.8755007997123379e-4,-5.1325759139077959e-4,286,3.4668115920028761e-2,2.6015758408609219e-2,3.5255665999999998e-2,2.6529015999999999e-2,0,0,none,none,0,,5.4199999999582360e-4,1.1249999999904503e-2,5.8654200000000856e-1,5.7891699999993307e-1,9.1699999995853432e-4,1.6669999999976426e-3,2.5000000005093170e-4,8.7910000000874788e-3
287,4.7833333333333332e+0,4.7850000000000001e+0,957,track,1,1,3.1839591507039000e+2,2.4140583891068545e+2,3.1005366726296957e-1,3.4728725429120644e-2,2.6066714064620182e-2,1.2830277605046915e-4,1.0237238551681502e-4,-5.8949541980010060e-4,-5.1489249497133093e-4,287,3.4666170580199898e-2,2.6014123505028668e-2,3.5255665999999998e-2,2.6529015999999999e-2,0,0,none,none,0,,5.4099999999834836e-4,1.1957999999935964e-2,6.0225000000002638e-1,5.9445900000002894e-1,1.0829999999941720e-3,1.5839999999798238e-3,2.4999999993724487e-4,8.7090000000671353e-3
288,4.7999999999999998e+0,4.7999999999999998e+0,960,track,1,1,3.1839803921568625e+2,2.4139988465974625e+2,3.1019677996422185e-1,3.4730487791470921e-2,2.6025982431770792e-2,1.2514859523470514e-4,-2.5361292750850295e-4,-5.9168823548493238e-4,-4.1588695780511270e-4,288,3.4663977764515068e-2,2.5938596042194884e-2,3.5255665999999998e-2,2.6354482999999998e-2,0,0,none,none,0,,5.8300000000599539e-4,1.1333000000036009e-2,5.8266599999990376e-1,5.7516699999996490e-1,9.5800000008239294e-4,1.5409999999747015e-3,2.5000000005093170e-4,8.6690000000544387e-3
289,4.8166666666666664e+0,4.8200000000000003e+0,964,track,1,1,3.1840173010380624e+2,2.4139527104959632e+2,3.1019677996422185e-1,3.4732076150000069e-2,2.5991086615123862e-2,1.2097577700684056e-4,-5.1087603143867464e-4,-5.9398649287380797e-4,-4.4948354429679392e-4,289,3.4661679507126189e-2,2.5904999455703202e-2,3.5255665999999998e-2,2.6354482999999998e-2,0,0,none,none,0,,6.2499999989995558e-4,1.4458999999988009e-2,5.8341700000005403e-1,5.7591700000000401e-1,8.7500000006457412e-4,1.5000000000782165e-3,2.4999999993724487e-4,8.6239999999406791e-3
290,4.8333333333333330e+0,4.8350000000000000e+0,967,track,1,1,3.1840827379580548e+2,2.4137877391103942e+2,3.1048300536672629e-1,3.4733749123263991e-2,2.5962797984786470e-2,1.1809612788532462e-4,-6.7674838293469547e-4,-5.9619067415877570e-4,-4.7612624728332197e-4,290,3.4659475325841224e-2,2.5878356752716675e-2,3.5255665999999998e-2,2.6354482999999998e-2,0,0,none,none,0,,5.4199999999582360e-4,1.1292000000025837e-2,5.9695799999997234e-1,5.8924999999999272e-1,1.0419999999840002e-3,1.4999999999645297e-3,2.9199999994489190e-4,8.5410000000365471e-3
291,4.8499999999999996e+0,4.8499999999999996e+0,970,track,1,1,3.1841553196399724e+2,2.4132690976228940e+2,3.1489825581395348e-1,3.4735559633745083e-2,2.5943491230844523e-2,1.1677278897692817e-4,-7.4408717331758386e-4,-5.9826643381377350e-4,-4.9456613085953154e-4,291,3.4657399566186221e-2,2.5859916869140468e-2,3.5255665999999998e-2,2.6354482999999998e-2,0,0,none,none,0,,5.8400000000347063e-4,1.1666999999988548e-2,5.9887500000002092e-1,5.9112499999991996e-1,9.9999999997635314e-4,1.5419999999721767e-3,2.5000000005093170e-4,8.4989999999152133e-3
292,4.8666666666666663e+0,4.8700000000000001e+0,974,track,1,1,3.1842055427251734e+2,2.4124457274826790e+2,3.1468023255813954e-1,3.4737314210842030e-2,2.5934658285376257e-2,1.1516527027566364e-4,-7.1415312736277932e-4,-6.0036781377018067e-4,-5.0419482682668700e-4,292,3.4655298186229817e-2,2.5850288173173312e-2,3.5255665999999998e-2,2.6354482999999998e-2,0,0,none,none,0,,4.9999999998817657e-4,1.2000000000057298e-2,5.9854200000006585e-1,5.9095800000000054e-1,9.5799999996870611e-4,1.4999999999645297e-3,2.4999999993724487e-4,9.4990000000052532e-3
293,4.8833333333333337e+0,4.8849999999999998e+0,977,track,1,1,3.1843168705285024e+2,2.4115128086775906e+2,3.1489825581395348e-1,3.4696880319375012e-2,2.5935844841540785e-2,-2.4011100002950813e-4,-6.0435653096449764e-4,-5.0150847106645810e-4,-5.0583259938421533e-4,293,3.4579624528933539e-2,2.5848650400615784e-2,3.5081133000000000e-2,2.6354482999999998e-2,-3.4906600000000253e-2,0,none,none,0,,4.9999999998817657e-4,1.1333000000036009e-2,5.8500000000003638e-1,5.7766699999990578e-1,8.7500000006457412e-4,1.4580000000705695e-3,2.9199999994489190e-4,8.4590000000162036e-3
294,4.9000000000000004e+0,4.9000000000000004e+0,980,track,1,1,3.1843624393624395e+2,2.4106664356664356e+2,3.3008006099885628e-1,3.4662213922032947e-2,2.5944914987916807e-2,-4.9733730257187124e-4,-4.4377955938527112e-4,-5.3530425897408112e-4,-5.0147655179728565e-4,294,3.4545828741025922e-2,2.5853006448202712e-2,3.5081133000000000e-2,2.6354482999999998e-2,0,0,none,none,0,,6.2500000001364242e-4,1.1917000000039479e-2,5.8691699999997127e-1,5.7895799999994324e-1,9.1699999995853432e-4,1.5839999999798238e-3,2.9199999994489190e-4,8.4989999999152133e-3
295,4.9166666666666670e+0,4.9199999999999999e+0,984,track,1,1,3.1845450346420324e+2,2.4099122401847575e+2,3.3565891472868215e-1,3.4634240938949290e-2,2.5959843083272548e-2,-6.6245468374264132e-4,-2.5651351906332931e-4,-5.6207879790214868e-4,-4.9290242672244224e-4,295,3.4519054202097853e-2,2.5861580573277556e-2,3.5081133000000000e-2,2.6354482999999998e-2,0,0,none,none,0,,5.4199999999582360e-4,1.1792000000014013e-2,5.8633299999996780e-1,5.7887499999992542e-1,9.1599999996105907e-4,1.4999999999645297e-3,2.9200000005857873e-4,8.7910000000874788e-3
296,4.9333333333333336e+0,4.9349999999999996e+0,987,track,1,1,3.1852517902517900e+2,2.4093751443751444e+2,3.3008006099885628e-1,3.4616693343227922e-2,2.5977792630024595e-2,-7.1703531498971290e-4,-7.0083376120237548e-5,-5.7955052911622682e-4,-4.8239627995481834e-4,296,3.4501582470883772e-2,2.5872086720045179e-2,3.5081133000000000e-2,2.6354482999999998e-2,0,0,none,none,0,,5.4099999999834836e-4,1.1999999999943611e-2,5.8333299999992505e-1,5.7587499999999636e-1,8.7499999995088729e-4,1.4579999999568827e-3,2.5000000005093170e-4,8.2090000000789587e-3
297,4.9500000000000002e+0,4.9500000000000002e+0,990,track,1,1,3.1862384473197784e+2,2.4090411275415897e+2,3.2468117029257315e-1,3.4610663249077689e-2,2.5996385766164535e-2,-6.6737187547574316e-4,9.5681290167365309e-5,-5.8745861620133671e-4,-4.7178269031821721e-4,297,3.4493674383798661e-2,2.5882700309681782e-2,3.5081133000000000e-2,2.6354482999999998e-2,0,0,none,none,0,,5.8400000000347063e-4,1.1875000000031832e-2,5.8541700000000674e-1,5.7799999999997453e-1,9.1599999996105907e-4,1.4579999999568827e-3,2.9200000005857873e-4,8.2489999999779684e-3
298,4.9666666666666668e+0,4.9699999999999998e+0,994,track,1,1,3.1873163972286375e+2,2.4088498845265588e+2,3.1967515688445919e-1,3.4615383006551426e-2,2.6014059512425674e-2,-5.3447772085424695e-4,2.3055876333167460e-4,-5.8688417532451714e-4,-3.2906729412008256e-4,298,3.4494248824675486e-2,2.5850882705879916e-2,3.5081133000000000e-2,2.6179949999999997e-2,0,-3.4906600000000947e-2,none,none,0,,5.8400000000347063e-4,1.1874999999918145e-2,5.8258399999999710e-1,5.7508300000006329e-1,8.3300000005692709e-4,1.5829999999823485e-3,2.4999999993724487e-4,8.4990000001425869e-3
299,4.9833333333333334e+0,4.9850000000000003e+0,997,track,1,1,3.1882678530159461e+2,2.4087647330714120e+2,3.2460615153788447e-1,3.4628260319941262e-2,2.5987165198184680e-2,-3.5173424906797352e-4,-2.7274967593823434e-5,-5.8018009588218307e-4,-3.5889206346819146e-4,299,3.4500952904117817e-2,2.5821057936531805e-2,3.5081133000000000e-2,2.6179949999999997e-2,0,0,none,none,0,,5.8300000000599539e-4,1.1708999999996195e-2,5.8058300000004692e-1,5.7249999999999091e-1,9.1699999995853432e-4,2.0839999999680003e-3,2.5000000005093170e-4,8.5419999999203355e-3
300,5,5,1000,track,1,1,3.1890356151711376e+2,2.4087141535615172e+2,3.1424418604651161e-1,3.4646455695884981e-2,2.5963998645722259e-2,-1.4992951081465022e-4,-2.1779191591860238e-4,-5.6973488015489961e-4,-3.8363245505401375e-4,300,3.4511398119845098e-2,2.5796317544945983e-2,3.5081133000000000e-2,2.6179949999999997e-2,0,0,none,none,0,,7.5000000003910827e-4,1.2875000000008185e-2,5.9058399999992162e-1,5.8295800000007603e-1,9.5899999996618135e-4,1.5000000000782165e-3,2.9199999994489190e-4,8.5829999999305073e-3
301,5.0166666666666666e+0,5.0199999999999996e+0,1004,track,1,1,3.1894691186675919e+2,2.4086548693037241e+2,3.1915836101882611e-1,3.4666227514183134e-2,2.5944566978435765e-2,3.6885419570613397e-5,-3.5034365594636128e-4,-5.5849377617080999e-4,-4.0380771227018115e-4,301,3.4522639223829192e-2,2.5776142287729814e-2,3.5081133000000000e-2,2.6179949999999997e-2,0,0,none,none,0,,5.8300000000599539e-4,1.1624999999980901e-2,6.7762500000003456e-1,6.6316599999993286e-1,2.3750000000291038e-3,2.8329999998959465e-3,4.5899999997800478e-4,9.1249999999263309e-3
302,5.0333333333333332e+0,5.0350000000000001e+0,1007,track,1,1,3.1896379828822575e+2,2.4084836918806386e+2,3.2430607651912979e-1,3.4684877964265226e-2,2.5929585684015405e-2,1.8817591786777488e-4,-4.2703231176796912e-4,-4.1535160017362255e-4,-4.1930278977303108e-4,302,3.4491248399826376e-2,2.5760647210226965e-2,3.4906599999999996e-2,2.6179949999999997e-2,-3.4906600000001640e-2,0,none,none,0,,5.8300000000599539e-4,1.6124999999988177e-2,6.3425000000006548e-1,6.2554199999999582e-1,1.1250000000018190e-3,1.7500000000154614e-3,2.9099999994741665e-4,1.0250999999925625e-2
303,5.0499999999999998e+0,5.0499999999999998e+0,1010,track,1,1,3.1897039777983349e+2,2.4081544865864939e+2,3.2969881814715973e-1,3.4658774883510546e-2,2.5919939154039725e-2,-5.7095234836878277e-5,-4.4824928437494954e-4,-4.4492247272867353e-4,-4.2981715198110319e-4,303,3.4461677527271320e-2,2.5750132848018893e-2,3.4906599999999996e-2,2.6179949999999997e-2,0,0,none,none,0,,5.8300000000599539e-4,1.3709000000062588e-2,6.1479099999996834e-1,6.0720800000001418e-1,9.5800000008239294e-4,1.5839999999798238e-3,2.5000000005093170e-4,8.9169999999967331e-3
304,5.0666666666666664e+0,5.0700000000000003e+0,1014,track,1,1,3.1897456059204438e+2,2.4077081406105458e+2,3.3519379844961239e-1,3.4636292726592188e-2,2.5915962786970902e-2,-2.3770213459737592e-4,-4.1893642485095061e-4,-4.6950994167001563e-4,-4.3542642415550482e-4,304,3.4437090058329983e-2,2.5744523575844492e-2,3.4906599999999996e-2,2.6179949999999997e-2,0,0,none,none,0,,7.4999999992542143e-4,1.3208999999960724e-2,6.4620800000000145e-1,6.3762500000007094e-1,1.0419999999840002e-3,1.8750000000409273e-3,4.1700000008404459e-4,8.9169999999967331e-3
305,5.0833333333333330e+0,5.0850000000000000e+0,1017,track,1,1,3.1897859291830594e+2,2.4071754223559361e+2,3.3496124031007751e-1,3.4617351015009845e-2,2.5917600954294965e-2,-3.6336035389020779e-4,-3.4662476936299965e-4,-4.8969272371631118e-4,-4.3645197641212897e-4,305,3.4416907276283687e-2,2.5743498023587868e-2,3.4906599999999996e-2,2.6179949999999997e-2,0,0,none,none,0,,3.7499999996271072e-4,1.2458000000037828e-2,6.4712499999995998e-1,6.3995899999997619e-1,8.3300000005692709e-4,1.5000000000782165e-3,2.4999999993724487e-4,8.8339999999789143e-3
306,5.0999999999999996e+0,5.0999999999999996e+0,1020,track,1,1,3.1899884473197784e+2,2.4066635859519408e+2,3.3550387596899223e-1,3.4603078769926299e-2,2.5923856266164662e-2,-4.3228140473950403e-4,-2.4569233082197197e-4,-5.0503177554974007e-4,-4.3387803255521775e-4,306,3.4401568224450257e-2,2.5746071967444779e-2,3.4906599999999996e-2,2.6179949999999997e-2,0,0,none,none,0,,4.1699999997035775e-4,2.1124999999983629e-2,6.1979199999996126e-1,6.1229199999991124e-1,8.7500000006457412e-4,1.5829999999823485e-3,2.5000000005093170e-4,9.9570000000994696e-3
307,5.1166666666666663e+0,5.1200000000000001e+0,1024,track,1,1,3.1903624192059095e+2,2.4062303785780239e+2,3.3030880670987417e-1,3.4594426069300965e-2,2.5933330558042148e-2,-4.4442788760432425e-4,-1.3186883751537719e-4,-5.1518189169424077e-4,-4.2892055996265714e-4,307,3.4391418108305753e-2,2.5751029440037342e-2,3.4906599999999996e-2,2.6179949999999997e-2,0,0,none,none,0,,3.3300000006875052e-4,1.7291999999997643e-2,6.0720900000001166e-1,5.9970900000007532e-1,8.3300000005692709e-4,1.6249999999899956e-3,2.5000000005093170e-4,8.7489999998524581e-3
308,5.1333333333333337e+0,5.1349999999999998e+0,1027,track,1,1,3.1908816732146983e+2,2.4059059394499653e+2,3.2992756385817767e-1,3.4591901343524967e-2,2.5944527258789048e-2,-4.0347234543964465e-4,-1.9510371774585653e-5,-5.2009295509656010e-4,-4.2279843716768904e-4,308,3.4386507044903439e-2,2.5757151562832308e-2,3.4906599999999996e-2,2.6179949999999997e-2,0,0,none,none,0,,3.3399999995253893e-4,1.6500000000064574e-2,6.0074999999994816e-1,5.9341700000004494e-1,8.3400000005440234e-4,1.5829999999823485e-3,2.0799999992959783e-4,8.5829999999305073e-3
309,5.1500000000000004e+0,5.1500000000000004e+0,1030,track,1,1,3.1914305491462852e+2,2.4056806645131519e+2,3.1997046880767810e-1,3.4594914311394831e-2,2.5956211586454638e-2,-3.2179030123418063e-4,8.1230049462363072e-5,-5.2050416747916322e-4,-4.1646963071447342e-4,309,3.4386095832520835e-2,2.5763480369285524e-2,3.4906599999999996e-2,2.6179949999999997e-2,0,0,none,none,0,,4.1599999997288251e-4,1.1041999999974905e-2,5.8491700000001856e-1,5.7791599999995924e-1,7.9100000004928006e-4,1.6249999999899956e-3,2.9099999994741665e-4,8.1659999999601496e-3
310,5.1666666666666670e+0,5.1699999999999999e+0,1034,track,1,1,3.1919642445213378e+2,2.4056366782006921e+2,3.1504360465116277e-1,3.4602503433250220e-2,2.5966663605597972e-2,-2.1314136079815234e-4,1.5754920909505664e-4,-5.1736430064106551e-4,-4.1122078542467962e-4,310,3.4389235699358929e-2,2.5768729214575316e-2,3.4906599999999996e-2,2.6179949999999997e-2,0,0,none,none,0,,3.3300000006875052e-4,1.1583999999970729e-2,5.8579199999996945e-1,5.7883300000003146e-1,7.9099999993559322e-4,1.4579999999568827e-3,2.4999999993724487e-4,8.2910000000993023e-3
311,5.1833333333333336e+0,5.1849999999999996e+0,1037,track,1,1,3.1923719427780344e+2,2.4055860636825105e+2,3.1012522361359568e-1,3.4612879337011293e-2,2.5975929902589213e-2,-9.6305631170232785e-5,2.1325214465458389e-4,-5.1218214457546263e-4,-4.0694370150174569e-4,311,3.4394417855424533e-2,2.5773006298498252e-2,3.4906599999999996e-2,2.6179949999999997e-2,0,0,none,none,0,,2.9200000005857873e-4,1.5208000000029642e-2,5.8437500000002274e-1,5.7399999999995543e-1,7.9199999993306847e-4,1.4590000000680448e-3,2.4999999993724487e-4,8.9999999999008651e-3
312,5.2000000000000002e+0,5.2000000000000002e+0,1040,track,1,1,3.1926188278726352e+2,2.4055699123211812e+2,3.1012522361359568e-1,3.4624173770971822e-2,2.5983763932418930e-2,1.1900689539136203e-5,2.4915302296078671e-4,-5.0644383395925590e-4,-4.0376891745970281e-4,312,3.4400156166040738e-2,2.5776181082540293e-2,3.4906599999999996e-2,2.6179949999999997e-2,0,0,none,none,0,,3.7499999996271072e-4,1.1041000000091117e-2,5.8733299999994415e-1,5.8054200000003675e-1,7.9199999993306847e-4,1.4170000000603977e-3,2.9199999994489190e-4,8.2929999999805659e-3
313,5.2166666666666668e+0,5.2199999999999998e+0,1044,track,1,1,3.1927452111700899e+2,2.4055215785829679e+2,3.1005366726296957e-1,3.4635086556159322e-2,2.5990524330584346e-2,1.0177763595663189e-4,2.7102867745042538e-4,-5.0113312342730165e-4,-4.0136913385989132e-4,313,3.4405466876572692e-2,2.5778580866140106e-2,3.4906599999999996e-2,2.6179949999999997e-2,0,0,none,none,0,,1.0409999999865249e-3,1.1667000000102234e-2,5.8875000000000455e-1,5.8183299999996052e-1,8.3299999994324025e-4,1.4999999999645297e-3,2.5000000005093170e-4,1.0707999999908679e-2
314,5.2333333333333334e+0,5.2350000000000003e+0,1047,track,1,1,3.1927910998385983e+2,2.4055141803089694e+2,3.1033989266547407e-1,3.4644834022151016e-2,2.5995968266440923e-2,1.6931403872708325e-4,2.7880296739108275e-4,-4.9680145929272067e-4,-3.9989721762555280e-4,314,3.4409798540707276e-2,2.5780052782374444e-2,3.4906599999999996e-2,2.6179949999999997e-2,0,0,none,none,0,,3.7500000007639755e-4,1.0750000000030013e-2,5.8712499999990087e-1,5.7866699999999582e-1,7.9200000004675530e-4,1.5420000000858636e-3,2.4999999993724487e-4,8.0000000001518856e-3
315,5.2500000000000000e+0,5.2500000000000000e+0,1050,track,1,1,3.1928039215686272e+2,2.4055236447520184e+2,3.1019677996422185e-1,3.4653154043679635e-2,2.6000104405269567e-2,2.1543444252769030e-4,2.7452004391696804e-4,-4.9358746984338954e-4,-3.9931362343970328e-4,315,3.4413012530156606e-2,2.5780636376560292e-2,3.4906599999999996e-2,2.6179949999999997e-2,0,0,none,none,0,,3.7500000007639755e-4,1.1500000000069122e-2,5.8174999999994270e-1,5.7483300000001236e-1,7.9200000004675530e-4,1.4170000000603977e-3,2.4999999993724487e-4,8.3339999999907377e-3
316,5.2666666666666666e+0,5.2699999999999996e+0,1054,track,1,1,3.1928039215686272e+2,2.4055236447520184e+2,3.1019677996422185e-1,3.4660022651328504e-2,2.6003176267585415e-2,2.4293187970188935e-4,2.6190833063243011e-4,-4.9145205477229442e-4,-3.9940693609560944e-4,316,3.4415147945227702e-2,2.5780543063904388e-2,3.4906599999999996e-2,2.6179949999999997e-2,0,0,none,none,0,,3.3299999995506369e-4,9.3749999999772626e-3,6.5204200000005130e-1,6.4474999999993088e-1,9.9999999997635314e-4,1.4999999999645297e-3,2.5000000005093170e-4,1.1833000000024185e-2
317,5.2833333333333332e+0,5.2850000000000001e+0,1057,track,1,1,3.1928039215686272e+2,2.4055236447520184e+2,3.1019677996422185e-1,3.4665559814792246e-2,2.6005338917850538e-2,2.5541631632453672e-4,2.4343298882562858e-4,-4.9025694108171289e-4,-4.0004621675349947e-4,317,3.4416343058918282e-2,2.5779903783246499e-2,3.4906599999999996e-2,2.6179949999999997e-2,0,0,none,none,0,,3.3300000006875052e-4,1.0041999999998552e-2,6.2758299999995870e-1,6.2041599999997743e-1,7.9200000004675530e-4,1.5000000000782165e-3,2.4999999993724487e-4,8.7920000000849541e-3
318,5.2999999999999998e+0,5.2999999999999998e+0,1060,track,1,1,3.1928039215686272e+2,2.4055236447520184e+2,3.1019677996422185e-1,3.4669901668262781e-2,2.6006740593047518e-2,2.5612861565147278e-4,2.2115726246450972e-4,-4.8986462963716436e-4,-4.0111361526434618e-4,318,3.4416735370362835e-2,2.5778836384735652e-2,3.4906599999999996e-2,2.6179949999999997e-2,0,0,none,none,0,,5.4199999999582360e-4,1.0875000000055479e-2,6.1237500000004275e-1,6.0524999999995543e-1,8.7499999995088729e-4,1.4589999999543579e-3,2.5000000005093170e-4,9.3749999999772626e-3
319,5.3166666666666664e+0,5.3200000000000003e+0,1064,track,1,1,3.1928039215686272e+2,2.4055236447520184e+2,3.1019677996422185e-1,3.4673191912894197e-2,2.6007519308066007e-2,2.4792002167196560e-4,1.9677019352212823e-4,-4.9014305528995909e-4,-4.0250524084361019e-4,319,3.4416456944710037e-2,2.5777444759156387e-2,3.4906599999999996e-2,2.6179949999999997e-2,0,0,none,none,0,,3.7499999996271072e-4,9.6670000000358414e-3,6.1649999999997362e-1,6.0962499999993724e-1,7.5000000003910827e-4,1.4580000000705695e-3,2.4999999993724487e-4,9.2909999999619686e-3
320,5.3333333333333330e+0,5.3350000000000000e+0,1067,track,1,1,3.1928039215686272e+2,2.4055236447520184e+2,3.1019677996422185e-1,3.4675575060980179e-2,2.6007800639377229e-2,2.3324995987587869e-4,1.7162034646102286e-4,-4.9096889662647472e-4,-4.0413133589914721e-4,320,3.4415631103373520e-2,2.5775818664100850e-2,3.4906599999999996e-2,2.6179949999999997e-2,0,0,none,none,0,,2.9099999994741665e-4,9.7499999999399733e-3,6.1066700000003493e-1,6.0370899999998073e-1,7.4999999992542143e-4,1.5829999999823485e-3,2.0900000004075991e-4,8.3329999999932625e-3
321,5.3499999999999996e+0,5.3499999999999996e+0,1070,track,1,1,3.1928039215686272e+2,2.4055236447520184e+2,3.1019677996422185e-1,3.4677191302657562e-2,2.6007696474865564e-2,2.1419775596914149e-4,1.4675292231935955e-4,-4.9222975675335969e-4,-4.0591591857917515e-4,321,3.4414370243246638e-2,2.5774034081420823e-2,3.4906599999999996e-2,2.6179949999999997e-2,0,0,none,none,0,,4.1599999997288251e-4,1.0291999999935797e-2,6.1708299999997962e-1,6.0887500000001182e-1,7.5000000003910827e-4,2.6669999999739957e-3,2.9200000005857873e-4,1.0417000000074950e-2
322,5.3666666666666663e+0,5.3700000000000001e+0,1074,track,1,1,3.1928067343173433e+2,2.4055212177121771e+2,3.1026833631484796e-1,3.4678195348412544e-2,2.6007324008875031e-2,1.9267383471228280e-4,1.2311150884181869e-4,-4.9380820209340710e-4,-4.0778118492982023e-4,322,3.4412791797906586e-2,2.5772168815070176e-2,3.4906599999999996e-2,2.6179949999999997e-2,0,0,none,none,0,,9.9999999997635314e-4,9.9999999999909051e-3,6.1124999999992724e-1,6.0433299999999690e-1,7.5000000003910827e-4,1.5410000000883883e-3,2.9199999994489190e-4,8.5410000000365471e-3
323,5.3833333333333337e+0,5.3849999999999998e+0,1077,track,1,1,3.1928067343173433e+2,2.4055212177121771e+2,3.1026833631484796e-1,3.4678683031945212e-2,2.6006744749034329e-2,1.6982764923445165e-4,1.0104065190710723e-4,-4.9563699573668509e-4,-4.0969369234699894e-4,323,3.4410963004263308e-2,2.5770256307652999e-2,3.4906599999999996e-2,2.6179949999999997e-2,0,0,none,none,0,,3.3300000006875052e-4,9.6670000000358414e-3,6.1354200000005221e-1,6.0649999999998272e-1,8.7499999995088729e-4,1.4999999999645297e-3,2.4999999993724487e-4,1.0957999999845924e-2
324,5.4000000000000004e+0,5.4000000000000004e+0,1080,track,1,1,3.1928067343173433e+2,2.4055212177121771e+2,3.1026833631484796e-1,3.4678763829990800e-2,2.6006028990658590e-2,1.4676239471994094e-4,8.0910442193405938e-5,-4.9764096001475848e-4,-4.1161307812964329e-4,324,3.4408959039985240e-2,2.5768336921870354e-2,3.4906599999999996e-2,2.6179949999999997e-2,0,0,none,none,0,,4.5799999998052954e-4,1.0915999999951964e-2,6.1141700000007404e-1,6.0441600000001472e-1,9.1700000007222116e-4,1.4579999999568827e-3,2.5000000005093170e-4,8.3750000000009095e-3
325,5.4166666666666670e+0,5.4199999999999999e+0,1084,track,1,1,3.1928067343173433e+2,2.4055212177121771e+2,3.1026833631484796e-1,3.4678534372808656e-2,2.6005234519572706e-2,1.2431927115730810e-4,6.2934294740459867e-5,-4.9975706651230985e-4,-4.1350854131707709e-4,325,3.4406842933487683e-2,2.5766441458682919e-2,3.4906599999999996e-2,2.6179949999999997e-2,0,0,none,none,0,,2.9199999994489190e-4,9.7079999999323263e-3,6.1695900000006532e-1,6.1004100000002381e-1,7.4999999992542143e-4,1.4999999999645297e-3,2.5000000005093170e-4,8.4580000000187283e-3
326,5.4333333333333336e+0,5.4349999999999996e+0,1087,track,1,1,3.1928067343173433e+2,2.4055212177121771e+2,3.1026833631484796e-1,3.4678078282222913e-2,2.6004407694382812e-2,1.0311275335329824e-4,4.7199931751964273e-5,-5.0193366085202087e-4,-4.1535756973114756e-4,326,3.4404666339147974e-2,2.5764592430268851e-2,3.4906599999999996e-2,2.6179949999999997e-2,0,0,none,none,0,,3.3299999995506369e-4,9.4589999999925567e-3,6.1341700000002675e-1,6.0479199999997491e-1,8.3299999994324025e-4,2.9579999999214124e-3,2.9100000006110349e-4,9.4159999999874344e-3
327,5.4500000000000002e+0,5.4500000000000002e+0,1090,track,1,1,3.1928067343173433e+2,2.4055212177121771e+2,3.1026833631484796e-1,3.4677466493455711e-2,2.6003584654626655e-2,8.3564988290095812e-5,3.3697089720409365e-5,-5.0412948152035904e-4,-4.1714469303270906e-4,327,3.4402470518479639e-2,2.5762805306967288e-2,3.4906599999999996e-2,2.6179949999999997e-2,0,0,none,none,0,,4.1700000008404459e-4,1.0291999999935797e-2,6.7683299999998781e-1,6.4712500000007367e-1,2.6659999999765205e-3,1.7041999999946711e-2,5.0000000010186341e-4,3.2208999999966181e-2
328,5.4666666666666668e+0,5.4699999999999998e+0,1094,track,1,1,3.1928067343173433e+2,2.4055212177121771e+2,3.1026833631484796e-1,3.4676757931606517e-2,2.6002792582795663e-2,6.5938358387226218e-5,2.2341804811147659e-5,-5.0631255772564635e-4,-4.1886029834308831e-4,328,3.4400287442274351e-2,2.5761089701656907e-2,3.4906599999999996e-2,2.6179949999999997e-2,0,0,none,none,0,,3.7500000007639755e-4,2.2166999999967629e-2,6.8387500000005730e-1,6.7466699999999946e-1,1.0839999999916472e-3,2.0419999999603533e-3,3.7499999996271072e-4,1.2832999999886852e-2
329,5.4833333333333334e+0,5.4850000000000003e+0,1097,track,1,1,3.1928067343173433e+2,2.4055212177121771e+2,3.1026833631484796e-1,3.4676000433035981e-2,2.6002050963970954e-2,5.0365546571990971e-5,1.2997282975016704e-5,-5.0845905446870174e-4,-4.2049953386088330e-4,329,3.4398140945531293e-2,2.5759450466139113e-2,3.4906599999999996e-2,2.6179949999999997e-2,0,0,none,none,0,,3.7499999996271072e-4,1.3291999999978543e-2,6.0658399999999801e-1,5.9729100000004109e-1,1.0840000001053340e-3,2.8750000000172804e-3,2.9199999994489190e-4,8.6649999999508509e-3
330,5.5000000000000000e+0,5.5000000000000000e+0,1100,track,1,1,3.1928067343173433e+2,2.4055212177121771e+2,3.1026833631484796e-1,3.4675231820369135e-2,2.6001372800639022e-2,3.6876686670652119e-5,5.4914763116562337e-6,-5.1055211797429532e-4,-4.2206131664167886e-4,330,3.4396047882025702e-2,2.5757888683358317e-2,3.4906599999999996e-2,2.6179949999999997e-2,0,0,none,none,0,,4.5799999998052954e-4,1.0957999999959611e-2,6.0625000000004547e-1,5.9862499999996999e-1,9.1699999995853432e-4,1.5419999999721767e-3,2.9199999994489190e-4,8.4170000000085565e-3
331,5.5166666666666666e+0,5.5199999999999996e+0,1104,track,1,1,3.1928067343173433e+2,2.4055212177121771e+2,3.1026833631484796e-1,3.4674481056883977e-2,2.6000765752148828e-2,2.5423383906256208e-5,-3.6842999560310546e-7,-5.1258076149701258e-4,-4.2354745316386454e-4,331,3.4394019238502986e-2,2.5756402546836133e-2,3.4906599999999996e-2,2.6179949999999997e-2,0,0,none,none,0,,3.3299999995506369e-4,9.9999999999909051e-3,6.0370799999998326e-1,5.9516699999994671e-1,9.5799999996870611e-4,1.4999999999645297e-3,2.9199999994489190e-4,9.5840000000180225e-3
332,5.5333333333333332e+0,5.5350000000000001e+0,1107,track,1,1,3.1928067343173433e+2,2.4055212177121771e+2,3.1026833631484796e-1,3.4673769421466716e-2,2.6000233178305174e-2,1.5899549719519069e-5,-4.7843602563302464e-6,-5.1453882025119708e-4,-4.2496187531420302e-4,332,3.4392061179748801e-2,2.5754988124685792e-2,3.4906599999999996e-2,2.6179949999999997e-2,0,0,none,none,0,,2.9199999994489190e-4,1.0625000000004547e-2,6.0170800000003055e-1,5.9412499999996271e-1,9.5799999996870611e-4,1.5419999999721767e-3,2.4999999993724487e-4,8.3750000000009095e-3
333,5.5499999999999998e+0,5.5499999999999998e+0,1110,track,1,1,3.1928067343173433e+2,2.4055212177121771e+2,3.1026833631484796e-1,3.4673111658992894e-2,2.5999775074875695e-2,8.1591175356753615e-6,-7.9582273048204931e-6,-5.1642399472528046e-4,-4.2630998981592496e-4,333,3.4390176005274713e-2,2.5753640010184074e-2,3.4906599999999996e-2,2.6179949999999997e-2,0,0,none,none,0,,2.2089999999934662e-3,1.1166000000002896e-2,6.0837500000002365e-1,6.0095799999999144e-1,9.1600000007474591e-4,1.5410000000883883e-3,2.4999999993724487e-4,9.3749999999772626e-3
334,5.5666666666666664e+0,5.5700000000000003e+0,1114,track,1,1,3.1928067343173433e+2,2.4055212177121771e+2,3.1026833631484796e-1,3.4672517072831255e-2,2.5999388895465707e-2,2.0307963890819636e-6,-1.0085039894417418e-5,-5.1823699385977425e-4,-4.2759813570940423e-4,334,3.4388363006140218e-2,2.5752351864290594e-2,3.4906599999999996e-2,2.6179949999999997e-2,0,0,none,none,0,,3.7499999996271072e-4,9.7500000000536602e-3,6.0024999999995998e-1,5.9195900000008805e-1,9.1700000007222116e-4,1.5000000000782165e-3,2.4999999993724487e-4,8.7499999999636202e-3
335,5.5833333333333330e+0,5.5850000000000000e+0,1117,track,1,1,3.1928067343173433e+2,2.4055212177121771e+2,3.1026833631484796e-1,3.4671990536331521e-2,2.5999070259450353e-2,-2.6699178596831669e-6,-1.1347929519685812e-5,-5.1998078324691716e-4,-4.2883314210424086e-4,335,3.4386619216753081e-2,2.5751116857895755e-2,3.4906599999999996e-2,2.6179949999999997e-2,0,0,none,none,0,,1.3340000000425789e-3,9.7919999999476204e-3,6.0099999999999909e-1,5.9366699999998218e-1,9.1700000007222116e-4,1.4580000000705695e-3,2.5000000005093170e-4,8.4580000000187283e-3
336,5.5999999999999996e+0,5.5999999999999996e+0,1120,track,1,1,3.1928067343173433e+2,2.4055212177121771e+2,3.1026833631484796e-1,3.4671533408507926e-2,2.5998813549620539e-2,-6.1312140727150627e-6,-1.1914797645633623e-5,-5.2165993866202848e-4,-4.3002197688324985e-4,336,3.4384940061337965e-2,2.5749928023116746e-2,3.4906599999999996e-2,2.6179949999999997e-2,0,0,none,none,0,,3.7499999996271072e-4,9.7079999999323263e-3,6.0312499999997726e-1,5.9570800000005875e-1,8.7500000006457412e-4,1.5000000000782165e-3,2.4999999993724487e-4,9.9590000000944201e-3
337,5.6166666666666663e+0,5.6200000000000001e+0,1124,track,1,1,3.1928067343173433e+2,2.4055212177121771e+2,3.1026833631484796e-1,3.4671144346075877e-2,2.5998612406072312e-2,-8.5376390406151953e-6,-1.1936302027162112e-5,-5.2328010147052479e-4,-4.3117147619705536e-4,337,3.4383319898529469e-2,2.5748778523802942e-2,3.4906599999999996e-2,2.6179949999999997e-2,0,0,none,none,0,,3.3399999995253893e-4,9.7909999999501451e-3,6.0083299999996598e-1,5.9345900000005258e-1,9.1699999995853432e-4,1.4999999999645297e-3,2.5000000005093170e-4,8.3340000001044245e-3
338,5.6333333333333337e+0,5.6349999999999998e+0,1127,track,1,1,3.1928067343173433e+2,2.4055212177121771e+2,3.1026833631484796e-1,3.4670820009408132e-2,2.5998460124817668e-2,-1.0064684771925518e-5,-1.1544923788449363e-5,-5.2484752981850076e-4,-4.3228814430096161e-4,338,3.4381752470181492e-2,2.5747661855699034e-2,3.4906599999999996e-2,2.6179949999999997e-2,0,0,none,none,0,,2.9199999994489190e-4,1.4749999999935426e-2,6.0420799999997143e-1,5.9670900000003257e-1,9.1599999996105907e-4,1.5409999999747015e-3,2.5000000005093170e-4,9.8340000000689543e-3
339,5.6500000000000004e+0,5.6500000000000004e+0,1130,track,1,1,3.1928067343173433e+2,2.4055212177121771e+2,3.1026833631484796e-1,3.4670555664238378e-2,2.5998349970777688e-2,-1.0875007184715766e-5,-1.0854883125631293e-5,-5.2636873766644121e-4,-4.3337801342740014e-4,339,3.4380231262333555e-2,2.5746571986572597e-2,3.4906599999999996e-2,2.6179949999999997e-2,0,0,none,none,0,,4.5899999997800478e-4,1.0208999999917978e-2,6.1508300000002691e-1,6.0724999999990814e-1,1.1670000000094660e-3,1.5419999999721767e-3,2.4999999993724487e-4,8.7490000000798318e-3
340,5.6666666666666670e+0,5.6699999999999999e+0,1134,track,1,1,3.1928067343173433e+2,2.4055212177121771e+2,3.1026833631484796e-1,3.4670345683995407e-2,2.5998275415382872e-2,-1.1116006782309113e-5,-9.9626992191307990e-6,-5.2785021268513021e-4,-4.3444655384773575e-4,340,3.4378749787314866e-2,2.5745503446152260e-2,3.4906599999999996e-2,2.6179949999999997e-2,0,0,none,none,0,,2.9199999994489190e-4,1.2374999999906322e-2,6.0258300000009513e-1,5.9512500000005275e-1,9.1600000007474591e-4,1.5410000000883883e-3,2.4999999993724487e-4,8.6249999999381544e-3
341,5.6833333333333336e+0,5.6849999999999996e+0,1137,track,1,1,3.1928067343173433e+2,2.4055212177121771e+2,3.1026833631484796e-1,3.4670183959921275e-2,2.5998230309082684e-2,-1.0918521287986590e-5,-8.9482178738911592e-6,-5.2929820345811937e-4,-4.3549862496258031e-4,341,3.4377301796541873e-2,2.5744451375037416e-2,3.4906599999999996e-2,2.6179949999999997e-2,0,0,none,none,0,,3.3399999995253893e-4,1.2874999999894499e-2,6.1754100000007384e-1,6.0945800000001782e-1,1.0839999999916472e-3,1.7910000000256332e-3,2.5000000005093170e-4,1.2417000000027656e-2
342,5.7000000000000002e+0,5.7000000000000002e+0,1140,track,1,1,3.1928164629928523e+2,2.4055234032741527e+2,3.1033989266547407e-1,3.4670142307478002e-2,2.5998191464409799e-2,-9.7414374195730448e-6,-8.0230426847203646e-6,-5.3065901247531999e-4,-4.3655183307423755e-4,342,3.4375940987524674e-2,2.5743398166925759e-2,3.4906599999999996e-2,2.6179949999999997e-2,0,0,none,none,0,,4.1700000008404459e-4,1.1582999999973254e-2,6.2966699999992670e-1,6.2087500000006912e-1,1.0839999999916472e-3,1.5829999999823485e-3,2.5000000005093170e-4,1.0499999999979082e-2
343,5.7166666666666668e+0,5.7199999999999998e+0,1144,track,1,1,3.1928269896193774e+2,2.4055213379469436e+2,3.1019677996422185e-1,3.4670210139367441e-2,2.5998190332060116e-2,-7.8105199029478837e-6,-6.9108672383946531e-6,-5.3194370169368948e-4,-4.3758140252986278e-4,343,3.4374656298306307e-2,2.5742368597470134e-2,3.4906599999999996e-2,2.6179949999999997e-2,0,0,none,none,0,,3.3299999995506369e-4,1.2333000000012362e-2,6.1158299999999599e-1,6.0316699999998491e-1,8.7500000006457412e-4,2.4170000000367509e-3,2.4999999993724487e-4,1.0125999999900159e-2
344,5.7333333333333334e+0,5.7350000000000003e+0,1147,track,1,1,3.1928436346863469e+2,2.4055281365313652e+2,3.1026833631484796e-1,3.4670419312373468e-2,2.5998148940261659e-2,-4.9639323720266825e-6,-6.2918933366971253e-6,-5.3313000808003581e-4,-4.3864708534220955e-4,344,3.4373469991919960e-2,2.5741302914657788e-2,3.4906599999999996e-2,2.6179949999999997e-2,0,0,none,none,0,,1.1670000000094660e-3,1.1082999999985077e-2,5.9908299999995052e-1,5.9095800000000054e-1,1.6249999999899956e-3,1.4999999999645297e-3,2.5000000005093170e-4,9.2930000000706059e-3
345,5.7500000000000000e+0,5.7500000000000000e+0,1150,track,1,1,3.1928843051394330e+2,2.4055346854113850e+2,3.1048300536672629e-1,3.4670939656242794e-2,2.5998072915584942e-2,9.4907320241329017e-8,-6.0499702757262693e-6,-5.3409092206650212e-4,-4.3974245769979779e-4,345,3.4372509077933495e-2,2.5740207542300199e-2,3.4906599999999996e-2,2.6179949999999997e-2,0,0,none,none,0,,3.3299999995506369e-4,1.0582999999996900e-2,6.0024999999995998e-1,5.9212500000001000e-1,9.1599999996105907e-4,1.4589999999543579e-3,2.5000000005093170e-4,1.0125000000016371e-2
346,5.7666666666666666e+0,5.7699999999999996e+0,1154,track,1,1,3.1929409730228269e+2,2.4055280147567444e+2,3.1033989266547407e-1,3.4671851416703703e-2,2.5998072030186323e-2,7.7298445525453875e-6,-5.2115717833044965e-6,-5.3477225251699287e-4,-4.4078223685028772e-4,346,3.4371827747483000e-2,2.5739167763149710e-2,3.4906599999999996e-2,2.6179949999999997e-2,0,0,none,none,0,,2.9099999994741665e-4,1.1457999999947788e-2,5.9929199999999128e-1,5.9112500000003365e-1,8.7499999995088729e-4,2.2500000000036380e-3,2.4999999993724487e-4,9.6250000000281943e-3
347,5.7833333333333332e+0,5.7850000000000001e+0,1157,track,1,1,3.1930032280378140e+2,2.4055280147567444e+2,3.1033989266547407e-1,3.4673136271290872e-2,2.5998081924122236e-2,1.7427027946455257e-5,-4.3999656002452126e-6,-5.3519586122680854e-4,-4.4181753438340417e-4,347,3.4371404138773189e-2,2.5738132465616594e-2,3.4906599999999996e-2,2.6179949999999997e-2,0,0,none,none,0,,2.0000000000663931e-3,1.0791000000040185e-2,6.0404200000004948e-1,5.9600000000000364e-1,1.5000000000782165e-3,1.4170000000603977e-3,2.4999999993724487e-4,9.4169999999849097e-3
348,5.7999999999999998e+0,5.7999999999999998e+0,1160,track,1,1,3.1930189114391146e+2,2.4055327490774908e+2,3.1026833631484796e-1,3.4674355287886982e-2,2.5998061640999232e-2,2.5216206424602154e-5,-3.9549643476777862e-6,-5.3570212138558202e-4,-4.4287926664854274e-4,348,3.4370897878614415e-2,2.5737070733351453e-2,3.4906599999999996e-2,2.6179949999999997e-2,0,0,none,none,0,,3.7499999996271072e-4,1.5332999999941421e-2,5.9770800000001145e-1,5.8941700000002584e-1,8.7500000006457412e-4,1.4579999999568827e-3,2.5000000005093170e-4,1.0041999999998552e-2
349,5.8166666666666664e+0,5.8200000000000003e+0,1164,track,1,1,3.1930520977408946e+2,2.4055048409405256e+2,3.1041144901610018e-1,3.4675640988673706e-2,2.5998275827004286e-2,3.2475779879153671e-5,-1.6053577831581323e-6,-5.3618110540538000e-4,-4.4376408042770559e-4,349,3.4370418894594613e-2,2.5736185919572292e-2,3.4906599999999996e-2,2.6179949999999997e-2,0,0,none,none,0,,3.7499999996271072e-4,1.2083000000075117e-2,5.9695899999996982e-1,5.8875000000000455e-1,9.1700000007222116e-4,2.3330000000214568e-3,2.5000000005093170e-4,9.5419999998966887e-3
350,5.8333333333333330e+0,5.8350000000000000e+0,1167,track,1,1,3.1930673431734317e+2,2.4054820110701107e+2,3.1026833631484796e-1,3.4676826425471319e-2,2.5998650454087426e-2,3.7879363456706085e-5,1.7616013218335882e-6,-5.3675684685289900e-4,-4.4453512501918248e-4,350,3.4369843153147096e-2,2.5735414874980815e-2,3.4906599999999996e-2,2.6179949999999997e-2,0,0,none,none,0,,3.3399999995253893e-4,1.1208000000010543e-2,6.0233300000004419e-1,5.9499999999991360e-1,8.7500000006457412e-4,1.4580000000705695e-3,2.4999999993724487e-4,1.0791999999923974e-2
351,5.8499999999999996e+0,5.8499999999999996e+0,1170,track,1,1,3.1930885404657596e+2,2.4054611482591653e+2,3.1033989266547407e-1,3.4677960480753001e-2,2.5999143364022918e-2,4.2096482181246480e-5,5.6500405983627751e-6,-5.3738427970555268e-4,-4.4522764421226380e-4,351,3.4369215720294444e-2,2.5734722355787734e-2,3.4906599999999996e-2,2.6179949999999997e-2,0,0,none,none,0,,3.7500000007639755e-4,1.2000000000057298e-2,5.9562500000004093e-1,5.8820900000000620e-1,9.1700000007222116e-4,1.4170000000603977e-3,2.9199999994489190e-4,9.3749999998635758e-3
352,5.8666666666666663e+0,5.8700000000000001e+0,1174,track,1,1,3.1931084198385236e+2,2.4054429065743943e+2,3.1019677996422185e-1,3.4679030184138426e-2,2.5999711202822327e-2,4.5184210963507473e-5,9.6233833616608087e-6,-5.3806841608660565e-4,-4.4587584204792464e-4,352,3.4368531583913391e-2,2.5734074157952071e-2,3.4906599999999996e-2,2.6179949999999997e-2,0,0,none,none,0,,2.9199999994489190e-4,1.0999999999967258e-2,6.5520800000001600e-1,6.3999999999998636e-1,3.0420000000503933e-3,3.3750000000054570e-3,3.3300000006875052e-4,9.5420000000103755e-3
353,5.8833333333333337e+0,5.8849999999999998e+0,1177,track,1,1,3.1931255771006465e+2,2.4054201292705449e+2,3.0998211091234346e-1,3.4680015182372514e-2,2.6000373126386880e-2,4.7129714819516183e-5,1.3830446792299364e-5,-5.3882040543149835e-4,-4.4646463585058745e-4,353,3.4367779594568500e-2,2.5733485364149409e-2,3.4906599999999996e-2,2.6179949999999997e-2,0,0,none,none,0,,3.3299999995506369e-4,1.6165999999998348e-2,6.2716699999998582e-1,6.1837500000001455e-1,1.0839999999916472e-3,1.7920000000231084e-3,2.9199999994489190e-4,1.0917999999946915e-2
354,5.9000000000000004e+0,5.9000000000000004e+0,1180,track,1,1,3.1931337946943484e+2,2.4053829296424453e+2,3.1019677996422185e-1,3.4680850031183041e-2,2.6001224806951228e-2,4.7543711946781316e-5,1.9041091598099846e-5,-5.3968600109487240e-4,-4.4692115923567345e-4,354,3.4366913998905124e-2,2.5733028840764324e-2,3.4906599999999996e-2,2.6179949999999997e-2,0,0,none,none,0,,4.1699999997035775e-4,1.3000000000033651e-2,6.0720800000001418e-1,5.9854199999995217e-1,9.9999999997635314e-4,1.5419999999721767e-3,2.4999999993724487e-4,1.0208999999917978e-2
355,5.9166666666666670e+0,5.9199999999999999e+0,1184,track,1,1,3.1931585618806179e+2,2.4053618345240838e+2,3.1048300536672629e-1,3.4681684940961688e-2,2.6002103327086145e-2,4.7900340995602041e-5,2.3748394940924186e-5,-5.4054532035790906e-4,-4.4737252175028975e-4,355,3.4366054679642086e-2,2.5732577478249707e-2,3.4906599999999996e-2,2.6179949999999997e-2,0,0,none,none,0,,3.3400000006622577e-4,1.1375000000043656e-2,6.3808300000005147e-1,6.3045799999997598e-1,8.7499999995088729e-4,1.5829999999823485e-3,2.4999999993724487e-4,8.5419999999203355e-3
356,5.9333333333333336e+0,5.9349999999999996e+0,1187,track,1,1,3.1932088520055328e+2,2.4053273397879207e+2,3.1041144901610018e-1,3.4682724014324151e-2,2.6003103297669961e-2,4.9919715515080610e-5,2.8816360578579009e-5,-5.4124292434876891e-4,-4.4774386539038133e-4,356,3.4365357075651227e-2,2.5732206134609616e-2,3.4906599999999996e-2,2.6179949999999997e-2,0,0,none,none,0,,3.7499999996271072e-4,1.0874999999941792e-2,6.0387500000001637e-1,5.9641699999997400e-1,8.7499999995088729e-4,1.5409999999747015e-3,2.5000000005093170e-4,1.0249000000044362e-2
357,5.9500000000000002e+0,5.9500000000000002e+0,1190,track,1,1,3.1932099192618222e+2,2.4053114186851212e+2,3.1019677996422185e-1,3.4683543274024231e-2,2.6004050575611753e-2,4.9812884636732788e-5,3.2733784709006629e-5,-5.4210847878806000e-4,-4.4816857962194244e-4,357,3.4364491521211939e-2,2.5731781420378054e-2,3.4906599999999996e-2,2.6179949999999997e-2,0,0,none,none,0,,3.7499999996271072e-4,1.0582999999996900e-2,6.0879099999999653e-1,6.0087499999997362e-1,8.7499999995088729e-4,1.4589999999543579e-3,2.5000000005093170e-4,8.3759999999983847e-3
358,5.9666666666666668e+0,5.9699999999999998e+0,1194,track,1,1,3.1932176619783263e+2,2.4052882176619784e+2,3.1033989266547407e-1,3.4684223208326870e-2,2.6005001947805396e-2,4.8552273092358520e-5,3.6137871424011303e-5,-5.4307293857414085e-4,-4.4859850092555085e-4,358,3.4363527061425855e-2,2.5731351499074444e-2,3.4906599999999996e-2,2.6179949999999997e-2,0,0,none,none,0,,3.3400000006622577e-4,1.2584000000060769e-2,6.0329200000001038e-1,5.9612500000002910e-1,8.7500000006457412e-4,1.5000000000782165e-3,2.4999999993724487e-4,1.0082000000011249e-2
359,5.9833333333333334e+0,5.9850000000000003e+0,1197,track,1,1,3.1932671896631285e+2,2.4052861098292570e+2,3.1012522361359568e-1,3.4685118674342874e-2,2.6005780718912352e-2,4.9275868251851660e-5,3.7618198560721032e-5,-5.4386193171832638e-4,-4.4916613337441110e-4,359,3.4362738068281669e-2,2.5730783866625587e-2,3.4906599999999996e-2,2.6179949999999997e-2,0,0,none,none,0,,3.7499999996271072e-4,1.0625000000004547e-2,5.9941600000001927e-1,5.9145799999998871e-1,8.7499999995088729e-4,2.2089999999934662e-3,2.9199999994489190e-4,1.2001999999938562e-2
360,6,6,1200,track,1,1,3.1932971850484540e+2,2.4052907245039225e+2,3.1012522361359568e-1,3.4686045255410747e-2,2.6006350883469812e-2,5.0159305348877746e-5,3.7141692332992215e-5,-5.4462377495610563e-4,-4.4989178704742415e-4,360,3.4361976225043889e-2,2.5730058212952572e-2,3.4906599999999996e-2,2.6179949999999997e-2,0,0,none,none,0,,4.5899999997800478e-4,1.1583999999970729e-2,6.0912499999994907e-1,6.0008300000004056e-1,9.5899999996618135e-4,3.0419999999367064e-3,2.5000000005093170e-4,8.4990000000289001e-3
361,6.0166666666666666e+0,6.0199999999999996e+0,1204,track,1,1,3.8684634935304990e+2,2.4058756931608133e+2,3.1952750092284976e-1,4.0104607582806651e-2,2.6000552916039425e-2,4.5496181997091524e-2,-1.6686594855630278e-5,3.5868098723702471e-3,-4.5546669612127425e-4,361,3.8493409872370245e-2,2.5724483303878724e-2,3.4906599999999996e-2,2.6179949999999997e-2,0,0,none,none,0,,3.3299999995506369e-4,1.2499999999931788e-2,6.0300000000006548e-1,5.9579199999996035e-1,8.7500000006457412e-4,1.4590000000680448e-3,2.4999999993724487e-4,8.4590000000162036e-3
362,6.0333333333333332e+0,6.0350000000000001e+0,1207,track,1,1,4.5423136395107315e+2,2.4065024232633280e+2,3.1489825581395348e-1,5.0174028640034507e-2,2.5985837809029834e-2,1.2360178744727929e-1,-1.3778981353890573e-4,1.1103941665680437e-2,-4.6764583965647362e-4,362,4.6010541665680429e-2,2.5712304160343525e-2,3.4906599999999996e-2,2.6179949999999997e-2,0,0,none,none,0,,3.3400000006622577e-4,1.2790999999992891e-2,6.0020900000006350e-1,5.9195799999997689e-1,9.1699999995853432e-4,1.5829999999823485e-3,2.4999999993724487e-4,9.0830000000323707e-3
363,6.0499999999999998e+0,6.0499999999999998e+0,1210,track,1,1,5.2153371045947813e+2,2.4071034403140152e+2,3.0991055456171734e-1,6.4152484964708378e-2,2.5960683787372346e-2,2.2357824414136446e-1,-3.2952773534611845e-4,2.1335506628813294e-2,-4.8736366700852609e-4,363,5.6242106628813293e-2,2.5692586332991471e-2,3.4906599999999996e-2,2.6179949999999997e-2,0,0,none,none,0,,3.7500000007639755e-4,1.2958000000026004e-2,6.0629200000005312e-1,5.9887500000002092e-1,9.5800000008239294e-4,1.5420000000858636e-3,2.9199999994489190e-4,8.2909999998719286e-3
364,6.0666666666666664e+0,6.0700000000000003e+0,1214,track,1,1,5.8794853111265320e+2,2.4076208651399492e+2,3.2962256957682046e-1,8.1316870118929074e-2,2.5924557928131829e-2,3.3630216183688122e-1,-5.8649553254790489e-4,3.3270145424300623e-2,-5.1480297068707778e-4,364,6.8700344424300619e-2,2.5665147029312919e-2,3.5430198999999996e-2,2.6179949999999997e-2,1.0471980000000215e-1,0,none,none,0,,3.3299999995506369e-4,1.2582999999949607e-2,5.9670799999992141e-1,5.8945800000003601e-1,9.1699999995853432e-4,1.4999999999645297e-3,2.4999999993724487e-4,9.4590000001062435e-3
365,6.0833333333333330e+0,6.0850000000000000e+0,1217,track,0,0,,,,8.7482409752604795e-2,2.5913805510035116e-2,3.3630216183688122e-1,-5.8649553254790489e-4,3.5414194639635223e-2,-5.2205160014389437e-4,365,7.2764256639635219e-2,2.5657898399856102e-2,3.7350061999999996e-2,2.6179949999999997e-2,1.3962640000000240e-1,0,none,none,1,,3.3300000006875052e-4,7.8458000000068751e-2,6.2008300000002237e-1,5.9041600000000471e-1,,1.6332999999917774e-2,2.9200000005857873e-4,9.6679999999196298e-3
366,6.0999999999999996e+0,6.0999999999999996e+0,1220,track,0,0,,,,9.2526942180157334e-2,2.5905008077046897e-2,3.3630216183688122e-1,-5.8649553254790489e-4,3.6278862538273567e-2,-5.2790936268306491e-4,366,7.6246919538273561e-2,2.5652040637316933e-2,3.9968057000000001e-2,2.6179949999999997e-2,2.0943960000000569e-1,0,none,none,2,,3.7499999996271072e-4,1.0667000000012195e-2,5.9879200000000310e-1,5.9204199999999219e-1,,1.2500000000272848e-3,2.5000000005093170e-4,8.3740000000034343e-3
367,6.1166666666666663e+0,6.1200000000000001e+0,1224,track,0,0,,,,9.9252985416894646e-2,2.5893278166395937e-2,3.3630216183688122e-1,-5.8649553254790489e-4,3.6843526792065658e-2,-5.3615593425752775e-4,367,8.1698507792065653e-2,2.5643794065742468e-2,4.4854980999999995e-2,2.6179949999999997e-2,2.7925280000000480e-1,0,none,none,3,,2.9200000005857873e-4,9.6250000000281943e-3,6.2150000000008276e-1,6.1579200000005585e-1,,1.4169999999467109e-3,2.9199999994489190e-4,9.8749999998517524e-3
368,6.1333333333333337e+0,6.1349999999999998e+0,1227,track,0,0,,,,1.0429751784444719e-1,2.5884480733407718e-2,3.3630216183688122e-1,-5.8649553254790489e-4,3.6667499269046284e-2,-5.4221305776123118e-4,368,8.5885805269046281e-2,2.5637736942238767e-2,4.9218305999999996e-2,2.6179949999999997e-2,3.1415940000000647e-1,0,none,none,4,,3.3399999995253893e-4,9.5000000000027285e-3,6.0758299999997689e-1,6.0224999999991269e-1,,1.2500000000272848e-3,2.4999999993724487e-4,8.2909999999856154e-3
369,6.1500000000000004e+0,6.1500000000000004e+0,1230,track,0,0,,,,1.0934205027200150e-1,2.5875683300419498e-2,3.3630216183688122e-1,-5.8649553254790489e-4,3.5847058833884123e-2,-4.1528703965764460e-4,369,9.0475887833884119e-2,2.5590129960342354e-2,5.4628828999999997e-2,2.6005416999999999e-2,3.8397259999994016e-1,-3.4906599999994056e-2,none,none,5,,3.3399999995253893e-4,1.1167000000000371e-2,5.9770800000001145e-1,5.9187500000007276e-1,,1.2500000000272848e-3,2.5000000005093170e-4,9.3329999999696156e-3
370,6.1666666666666670e+0,6.1699999999999999e+0,1234,track,0,0,,,,1.1606809350873881e-1,2.5863953389768539e-2,3.3630216183688122e-1,-5.8649553254790489e-4,3.4338854349422902e-2,-4.2905042587781142e-4,370,9.7170734349422888e-2,2.5576366574122187e-2,6.2831879999999993e-2,2.6005416999999999e-2,4.5378580000000884e-1,0,none,none,6,,3.3399999995253893e-4,1.0499999999979082e-2,6.0054100000002109e-1,5.9541699999999764e-1,,1.2500000000272848e-3,2.5000000005093170e-4,8.3329999999932625e-3
371,6.1833333333333336e+0,6.1849999999999996e+0,1237,track,0,0,,,,1.2111262593629135e-1,2.5855155956780319e-2,3.3630216183688122e-1,-5.8649553254790489e-4,3.2511740994002905e-2,-4.3952714633491234e-4,371,1.0249947399400290e-1,2.5565889853665088e-2,6.9987732999999996e-2,2.6005416999999999e-2,4.8869240000000913e-1,0,none,none,7,,3.3300000006875052e-4,8.5420000000340224e-3,6.2129099999992832e-1,6.1545899999998710e-1,,1.3749999999390639e-3,2.9100000006110349e-4,9.7919999999476204e-3
372,6.2000000000000002e+0,6.2000000000000002e+0,1240,track,0,0,,,,1.2615715836384567e-1,2.5846358523792100e-2,3.3630216183688122e-1,-5.8649553254790489e-4,3.0439173821429851e-2,-4.4923421798534127e-4,372,1.0810635882142985e-1,2.5556182782014658e-2,7.7667185000000000e-2,2.6005416999999999e-2,5.2359900000001081e-1,0,none,none,8,,3.7500000007639755e-4,8.6670000000594882e-3,5.9670900000003257e-1,5.9183299999995143e-1,,1.2080000000196378e-3,2.5000000005093170e-4,8.7489999999661450e-3
373,6.2166666666666668e+0,6.2199999999999998e+0,1244,track,0,0,,,,1.3288320160058298e-1,2.5834628613141140e-2,3.3630216183688122e-1,-5.8649553254790489e-4,2.7660075026587471e-2,-4.6054987524279728e-4,373,1.1579924002658747e-1,2.5544867124757203e-2,8.8139164999999992e-2,2.6005416999999999e-2,4.8869240000000913e-1,0,none,none,9,,4.1599999997288251e-4,1.0958999999957086e-2,5.9879200000000310e-1,5.9308299999997871e-1,,1.7500000000154614e-3,2.9100000006110349e-4,9.1660000000501896e-3
374,6.2333333333333334e+0,6.2350000000000003e+0,1247,track,0,0,,,,1.3792773402813552e-1,2.5825831180152921e-2,3.3630216183688122e-1,-5.8649553254790489e-4,2.6141712027783648e-2,-4.6903038228196390e-4,374,1.2161126302778365e-1,2.5536386617718034e-2,9.5469551000000000e-2,2.6005416999999999e-2,4.5378580000001023e-1,0,none,none,10,,4.9999999998817657e-4,7.6249999999618012e-3,5.9841700000004039e-1,5.9162500000002183e-1,,2.8330000000096334e-3,2.9100000006110349e-4,8.0409999999346837e-3
375,6.2500000000000000e+0,6.2500000000000000e+0,1250,track,0,0,,,,1.4297226645568806e-1,2.5817033747164701e-2,3.3630216183688122e-1,-5.8649553254790489e-4,2.5097106431037089e-2,-4.7711490855151500e-4,375,1.2737344443103710e-1,2.5528302091448483e-2,1.0227633799999999e-1,2.6005416999999999e-2,4.5378580000001023e-1,0,none,none,11,,4.1600000008656934e-4,1.0666000000014719e-2,6.1000000000001364e-1,6.0412499999995362e-1,,1.2500000000272848e-3,2.9200000005857873e-4,8.7099999999509237e-3
376,6.2666666666666666e+0,6.2699999999999996e+0,1254,lost,0,0,,,,1.4969830969242537e-1,2.5805303836513742e-2,3.3630216183688122e-1,-5.8649553254790489e-4,,,,,,1.1047938900000000e-1,2.6005416999999999e-2,4.1887920000000861e-1,0,none,none,12,,4.1600000008656934e-4,8.3750000000009095e-3,6.2179200000002766e-1,5.9520899999995436e-1,,1.1250000000018190e-3,,1.3541999999915788e-2
377,6.2833333333333332e+0,6.2850000000000001e+0,1257,lost,0,0,,,,1.4969830969242537e-1,2.5805303836513742e-2,3.3630216183688122e-1,-5.8649553254790489e-4,,,,,,1.1623897799999999e-1,2.6005416999999999e-2,3.8397260000000694e-1,0,none,none,13,,6.1249999999972715e-3,9.1250000000400178e-3,6.4474999999993088e-1,6.3054099999999380e-1,,,,1.0918000000060601e-2
378,6.2999999999999998e+0,6.2999999999999998e+0,1260,lost,0,0,,,,1.4969830969242537e-1,2.5805303836513742e-2,3.3630216183688122e-1,-5.8649553254790489e-4,,,,,,1.2164950099999999e-1,2.6005416999999999e-2,3.4906600000000809e-1,0,none,none,14,,4.5799999998052954e-4,1.1958000000049651e-2,6.3870899999994890e-1,6.3291600000002290e-1,,,,9.9999999999909051e-3
379,6.3166666666666664e+0,6.3200000000000003e+0,1264,lost,0,0,,,,1.4969830969242537e-1,2.5805303836513742e-2,3.3630216183688122e-1,-5.8649553254790489e-4,,,,,,1.2740909000000000e-1,2.6005416999999999e-2,2.7925280000000757e-1,0,none,none,15,,4.5799999998052954e-4,1.0666000000014719e-2,6.0537499999998090e-1,6.0045800000000327e-1,,,,8.6679999999432766e-3
380,6.3333333333333330e+0,6.3350000000000000e+0,1267,lost,0,0,,,,1.4969830969242537e-1,2.5805303836513742e-2,3.3630216183688122e-1,-5.8649553254790489e-4,,,,,,1.3072521700000000e-1,2.6005416999999999e-2,2.0943960000000431e-1,0,none,none,16,,4.1699999997035775e-4,8.1659999999601496e-3,6.3854200000002947e-1,6.3504199999999855e-1,,,,7.7089999999770953e-3
381,6.3499999999999996e+0,6.3499999999999996e+0,1270,lost,0,0,,,,1.4969830969242537e-1,2.5805303836513742e-2,3.3630216183688122e-1,-5.8649553254790489e-4,,,,,,1.3334321199999999e-1,2.6005416999999999e-2,1.3962640000000101e-1,0,none,none,17,,4.5799999998052954e-4,8.1249999999499778e-3,5.9612500000002910e-1,5.9291699999994307e-1,,,,8.6669999999458014e-3
382,6.3666666666666663e+0,6.3700000000000001e+0,1274,lost,0,0,,,,1.4969830969242537e-1,2.5805303836513742e-2,3.3630216183688122e-1,-5.8649553254790489e-4,,,,,,1.3561214099999999e-1,2.6005416999999999e-2,6.9813200000003281e-2,0,none,none,18,,5.3750000000718501e-3,8.3750000000009095e-3,6.0095899999998892e-1,5.9779100000002927e-1,,,,7.5410000000601940e-3
383,6.3833333333333337e+0,6.3849999999999998e+0,1277,lost,0,0,,,,1.4969830969242537e-1,2.5805303836513742e-2,3.3630216183688122e-1,-5.8649553254790489e-4,,,,,,1.3648480599999999e-1,2.6005416999999999e-2,3.4906600000001640e-2,0,none,none,19,,4.1599999997288251e-4,8.5420000000340224e-3,6.1466599999994287e-1,5.9091699999999037e-1,,,,1.1209000000008018e-2
384,6.4000000000000004e+0,6.4000000000000004e+0,1280,lost,0,0,,,,1.4969830969242537e-1,2.5805303836513742e-2,3.3630216183688122e-1,-5.8649553254790489e-4,,,,,,1.3665933899999999e-1,2.6005416999999999e-2,0,0,none,none,20,,5.8300000000599539e-4,8.0419999999321590e-3,6.1358300000006238e-1,6.1008400000002894e-1,,,,7.7499999999872671e-3
385,6.4166666666666670e+0,6.4199999999999999e+0,1284,lost,0,0,,,,1.4969830969242537e-1,2.5805303836513742e-2,3.3630216183688122e-1,-5.8649553254790489e-4,,,,,,1.3613574000000001e-1,2.6005416999999999e-2,-1.0471979999999938e-1,0,none,none,21,,4.1700000008404459e-4,7.8340000000025611e-3,5.9479199999998400e-1,5.9083400000008623e-1,,,,1.1164999999891734e-2
386,6.4333333333333336e+0,6.4349999999999996e+0,1287,lost,0,0,,,,1.4969830969242537e-1,2.5805303836513742e-2,3.3630216183688122e-1,-5.8649553254790489e-4,,,,,,1.3439040999999999e-1,2.6005416999999999e-2,-1.3962640000000656e-1,0,none,none,22,,4.1699999997035775e-4,7.6250000000754881e-3,5.9145799999998871e-1,5.8845799999994597e-1,,,,7.3330000000169093e-3
387,6.4500000000000002e+0,6.4500000000000002e+0,1290,lost,0,0,,,,1.4969830969242537e-1,2.5805303836513742e-2,3.3630216183688122e-1,-5.8649553254790489e-4,,,,,,1.3212148099999999e-1,2.6005416999999999e-2,-1.3962640000000656e-1,0,none,none,23,,4.1700000008404459e-4,7.5000000000500222e-3,5.9645799999998417e-1,5.9358400000007805e-1,,,,8.2499999998617568e-3
388,6.4666666666666668e+0,6.4699999999999998e+0,1294,lost,0,0,,,,1.4969830969242537e-1,2.5805303836513742e-2,3.3630216183688122e-1,-5.8649553254790489e-4,,,,,,1.2967801900000001e-1,2.6005416999999999e-2,-1.0471979999999938e-1,0,none,none,24,,4.1599999997288251e-4,8.4590000000162036e-3,5.9845800000005056e-1,5.9554199999990942e-1,,,,7.4169999999185166e-3
389,6.4833333333333334e+0,6.4850000000000003e+0,1297,lost,0,0,,,,1.4969830969242537e-1,2.5805303836513742e-2,3.3630216183688122e-1,-5.8649553254790489e-4,,,,,,1.2828175500000000e-1,2.6005416999999999e-2,-6.9813200000003281e-2,0,none,none,25,,4.5799999998052954e-4,7.5000000000500222e-3,6.0362499999996544e-1,6.0062500000003638e-1,,,,8.1259999999474530e-3
390,6.5000000000000000e+0,6.5000000000000000e+0,1300,lost,0,0,,,,1.4969830969242537e-1,2.5805303836513742e-2,3.3630216183688122e-1,-5.8649553254790489e-4,,,,,,1.2758362299999998e-1,2.6005416999999999e-2,-3.4906600000001640e-2,0,none,none,26,,4.5900000009169162e-4,9.2080000000578366e-3,5.9529199999997218e-1,5.9241699999995490e-1,,,,7.5410000000601940e-3
391,6.5166666666666666e+0,6.5199999999999996e+0,1304,lost,0,0,,,,1.4969830969242537e-1,2.5805303836513742e-2,3.3630216183688122e-1,-5.8649553254790489e-4,,,,,,1.2723455700000000e-1,2.6005416999999999e-2,-3.4906600000001640e-2,0,none,none,27,,4.1599999997288251e-4,7.8340000000025611e-3,5.9145799999998871e-1,5.8850000000006730e-1,,,,7.5420000000576692e-3
392,6.5333333333333332e+0,6.5350000000000001e+0,1307,lost,0,0,,,,1.4969830969242537e-1,2.5805303836513742e-2,3.3630216183688122e-1,-5.8649553254790489e-4,,,,,,1.2723455700000000e-1,2.6005416999999999e-2,0,0,none,none,28,,4.1699999997035775e-4,7.5419999999439824e-3,5.9833300000002509e-1,5.9541699999999764e-1,,,,8.1670000000713117e-3
393,6.5499999999999998e+0,6.5499999999999998e+0,1310,lost,0,0,,,,1.4969830969242537e-1,2.5805303836513742e-2,3.3630216183688122e-1,-5.8649553254790489e-4,,,,,,1.2723455700000000e-1,2.6005416999999999e-2,0,0,none,none,29,,3.7500000007639755e-4,8.4170000000085565e-3,6.2962500000003274e-1,6.2612500000000182e-1,,,,8.1669999998439380e-3
394,6.5666666666666664e+0,6.5700000000000003e+0,1314,lost,0,0,,,,1.4969830969242537e-1,2.5805303836513742e-2,3.3630216183688122e-1,-5.8649553254790489e-4,,,,,,1.2723455700000000e-1,2.6005416999999999e-2,0,0,none,none,30,,4.5900000009169162e-4,8.9159999999992579e-3,5.9937500000000909e-1,5.9641699999997400e-1,,,,8.9999999999008651e-3
395,6.5833333333333330e+0,6.5850000000000000e+0,1317,lost,0,0,,,,1.4969830969242537e-1,2.5805303836513742e-2,3.3630216183688122e-1,-5.8649553254790489e-4,,,,,,1.2723455700000000e-1,2.6005416999999999e-2,0,0,none,none,31,,4.1699999997035775e-4,9.1250000000400178e-3,6.0199999999997544e-1,5.9808300000008785e-1,,,,8.1659999999601496e-3
396,6.5999999999999996e+0,6.5999999999999996e+0,1320,lost,0,0,,,,1.4969830969242537e-1,2.5805303836513742e-2,3.3630216183688122e-1,-5.8649553254790489e-4,,,,,,1.2723455700000000e-1,2.6005416999999999e-2,0,0,none,none,32,,4.1699999997035775e-4,7.6669999999694483e-3,6.0299999999995180e-1,5.9916599999996834e-1,,,,8.2910000000993023e-3
397,6.6166666666666663e+0,6.6200000000000001e+0,1324,lost,0,0,,,,1.4969830969242537e-1,2.5805303836513742e-2,3.3630216183688122e-1,-5.8649553254790489e-4,,,,,,1.2723455700000000e-1,2.6005416999999999e-2,0,0,none,none,33,,4.5899999997800478e-4,7.8330000000050859e-3,6.0683299999993778e-1,6.0395899999991798e-1,,,,9.5840000001317094e-3
398,6.6333333333333337e+0,6.6349999999999998e+0,1327,lost,0,0,,,,1.4969830969242537e-1,2.5805303836513742e-2,3.3630216183688122e-1,-5.8649553254790489e-4,,,,,,1.2723455700000000e-1,2.6005416999999999e-2,0,0,none,none,34,,3.7499999996271072e-4,8.8329999999814390e-3,6.2183300000003783e-1,6.1883399999999256e-1,,,,8.2919999999830907e-3
399,6.6500000000000004e+0,6.6500000000000004e+0,1330,lost,0,0,,,,1.4969830969242537e-1,2.5805303836513742e-2,3.3630216183688122e-1,-5.8649553254790489e-4,,,,,,1.2723455700000000e-1,2.6005416999999999e-2,0,0,none,none,35,,5.8300000000599539e-4,8.7079999999559732e-3,6.0137500000007549e-1,5.9854199999995217e-1,,,,8.2509999999729189e-3
400,6.6666666666666670e+0,6.6699999999999999e+0,1334,lost,0,0,,,,1.4969830969242537e-1,2.5805303836513742e-2,3.3630216183688122e-1,-5.8649553254790489e-4,,,,,,1.2723455700000000e-1,2.6005416999999999e-2,0,0,none,none,36,,4.5799999998052954e-4,9.4579999999950815e-3,6.0904100000004746e-1,6.0525000000006912e-1,,,,8.9179999998805215e-3
401,6.6833333333333336e+0,6.6849999999999996e+0,1337,lost,0,0,,,,1.4969830969242537e-1,2.5805303836513742e-2,3.3630216183688122e-1,-5.8649553254790489e-4,,,,,,1.2723455700000000e-1,2.6005416999999999e-2,0,0,none,none,37,,4.5800000009421638e-4,8.0830000000560176e-3,6.0604200000000219e-1,6.0154199999999491e-1,,,,8.4170000000085565e-3
402,6.7000000000000002e+0,6.7000000000000002e+0,1340,lost,0,0,,,,1.4969830969242537e-1,2.5805303836513742e-2,3.3630216183688122e-1,-5.8649553254790489e-4,,,,,,1.2723455700000000e-1,2.6005416999999999e-2,0,0,none,none,38,,4.1699999997035775e-4,7.6250000000754881e-3,6.1291700000003857e-1,6.0987499999998818e-1,,,,1.0207999999806816e-2
403,6.7166666666666668e+0,6.7199999999999998e+0,1344,lost,0,0,,,,1.4969830969242537e-1,2.5805303836513742e-2,3.3630216183688122e-1,-5.8649553254790489e-4,,,,,,1.2723455700000000e-1,2.6005416999999999e-2,0,0,none,none,39,,4.1699999997035775e-4,8.7079999999559732e-3,6.4466700000002675e-1,6.3358299999993051e-1,,,,1.1375000000043656e-2
404,6.7333333333333334e+0,6.7350000000000003e+0,1347,lost,0,0,,,,1.4969830969242537e-1,2.5805303836513742e-2,3.3630216183688122e-1,-5.8649553254790489e-4,,,,,,1.2723455700000000e-1,2.6005416999999999e-2,0,0,none,none,40,,5.4199999999582360e-4,1.3374999999996362e-2,6.4525000000003274e-1,6.4004199999999400e-1,,,,1.3417000000004009e-2
405,6.7500000000000000e+0,6.7500000000000000e+0,1350,lost,0,0,,,,1.4969830969242537e-1,2.5805303836513742e-2,3.3630216183688122e-1,-5.8649553254790489e-4,,,,,,1.2723455700000000e-1,2.6005416999999999e-2,0,0,none,none,41,,4.1699999997035775e-4,1.2749999999982720e-2,6.1812499999996362e-1,6.1137499999995271e-1,,,,1.1000000000080945e-2
406,6.7666666666666666e+0,6.7699999999999996e+0,1354,scan,0,0,,,,,,,,,,,,,1.2723455700000000e-1,2.6005416999999999e-2,0,0,none,none,0,,4.1700000008404459e-4,8.2909999999856154e-3,6.7954199999996945e-1,5.9870899999998528e-1,,,,9.0000000000145519e-3
407,6.7833333333333332e+0,6.7850000000000001e+0,1357,scan,0,0,,,,,,,,,,376,-5.2359877559829882e-1,-8.7266462599716474e-2,1.2723455700000000e-1,2.6005416999999999e-2,0,0,none,none,1,0,3.7499999996271072e-4,8.3750000000009095e-3,6.5062499999999091e-1,6.3549999999997908e-1,,,7.7500000001009539e-3,1.2124999999969077e-2
408,6.7999999999999998e+0,6.7999999999999998e+0,1360,scan,0,0,,,,,,,,,,377,-5.2359877559829882e-1,-8.7266462599716474e-2,1.2723455700000000e-1,2.6005416999999999e-2,0,0,none,none,2,0,5.8400000000347063e-4,9.0000000000145519e-3,6.0745799999995143e-1,6.0162500000001273e-1,,,2.4999999999408828e-3,1.1125000000106411e-2
409,6.8166666666666664e+0,6.8200000000000003e+0,1364,scan,0,0,,,,,,,,,,378,-5.2359877559829882e-1,-8.7266462599716474e-2,1.2723455700000000e-1,2.5656350999999997e-2,0,-3.4906600000000947e-2,none,none,3,0,5.0000000010186341e-4,1.1375000000043656e-2,5.9845800000005056e-1,5.9399999999993724e-1,,,3.1249999999545253e-3,9.8759999998492276e-3
410,6.8333333333333330e+0,6.8350000000000000e+0,1367,scan,0,0,,,,,,,,,,379,-5.2359877559829882e-1,-8.7266462599716474e-2,1.2636189200000000e-1,2.4783685999999999e-2,-6.9813199999997730e-2,-6.9813200000001199e-2,none,none,4,0,4.1699999997035775e-4,1.5291000000047461e-2,6.0550000000000637e-1,5.9883300000001327e-1,,,5.2910000000565560e-3,1.2958999999909793e-2
411,6.8499999999999996e+0,6.8499999999999996e+0,1370,scan,0,0,,,,,,,,,,380,-5.2359877559829882e-1,-8.7266462599716474e-2,1.2444202900000000e-1,2.3387421999999998e-2,-1.3962640000000379e-1,-1.0471980000000215e-1,none,none,5,0,4.9999999998817657e-4,8.8329999999814390e-3,6.0404200000004948e-1,6.0104200000000674e-1,,,1.8329999999195934e-3,9.7499999999399733e-3
412,6.8666666666666663e+0,6.8700000000000001e+0,1374,scan,0,0,,,,,,,,,,381,-5.2359877559829882e-1,-8.7266462599716474e-2,1.2060230299999999e-1,2.0594893999999999e-2,-2.0943960000000431e-1,-1.3962640000000309e-1,none,none,6,0,4.5799999998052954e-4,9.7500000000536602e-3,5.9629100000006474e-1,5.9383300000001782e-1,,,1.5410000000883883e-3,9.3759999998610510e-3
413,6.8833333333333337e+0,6.8849999999999998e+0,1377,scan,0,0,,,,,,,,,,382,-5.2359877559829882e-1,-8.7266462599716474e-2,1.1693711000000000e-1,1.7802366000000000e-2,-2.4434620000000595e-1,-1.7453300000000335e-1,none,none,7,0,4.1599999997288251e-4,7.6249999999618012e-3,5.9083299999997507e-1,5.8841700000004948e-1,,,1.4589999999543579e-3,8.0010000000356740e-3
414,6.9000000000000004e+0,6.9000000000000004e+0,1380,scan,0,0,,,,,,,,,,383,-5.2359877559829882e-1,-8.7266462599716474e-2,1.1239925199999999e-1,1.4311705999999999e-2,-3.1415939999995063e-1,-2.4434619999996185e-1,none,none,8,0,4.1699999997035775e-4,7.9999999999245119e-3,5.9474999999997635e-1,5.8749999999997726e-1,,,6.2920000000303844e-3,1.0333000000059656e-2
415,6.9166666666666670e+0,6.9199999999999999e+0,1384,scan,0,0,,,,,,,,,,384,-5.2359877559829882e-1,-8.7266462599716474e-2,1.0506886600000000e-1,8.9011830000000000e-3,-3.8397260000000694e-1,-2.7925280000000585e-1,none,none,9,0,4.1599999997288251e-4,8.0000000000381988e-3,6.0370799999998326e-1,5.9554199999990942e-1,,,7.2089999999889187e-3,8.3339999999907377e-3
416,6.9333333333333336e+0,6.9349999999999996e+0,1387,scan,0,0,,,,,,,,,,385,-5.2359877559829882e-1,-8.7266462599716474e-2,9.8611144999999997e-2,4.1887920000000002e-3,-4.5378580000001023e-1,-3.1415940000000664e-1,none,none,10,0,4.1699999997035775e-4,7.8750000000127329e-3,5.9100000000000819e-1,5.8916599999997743e-1,,,9.9999999997635314e-4,9.4169999999849097e-3
417,6.9500000000000002e+0,6.9500000000000002e+0,1390,scan,0,0,,,,,,,,,,386,-5.2359877559829882e-1,-8.7266462599716474e-2,9.1455291999999994e-2,-1.2217310000000000e-3,-5.2359900000001081e-1,-3.8397260000000816e-1,none,none,11,0,4.5800000009421638e-4,8.3339999999907377e-3,5.9083399999997255e-1,5.8854100000007747e-1,,,6.6600000002381421e-4,9.1239999999288557e-3
418,6.9666666666666668e+0,6.9699999999999998e+0,1394,scan,0,0,,,,,,,,,,387,-5.2359877559829882e-1,-8.7266462599716474e-2,8.0808778999999997e-2,-9.2502490000000003e-3,-5.5850560000001237e-1,-4.1887920000000911e-1,none,none,12,0,4.1699999997035775e-4,8.2909999999856154e-3,5.9316599999999653e-1,5.9158300000001418e-1,,,6.2500000001364242e-4,8.8759999999865613e-3
419,6.9833333333333334e+0,6.9850000000000003e+0,1397,scan,0,0,,,,,,,,,,388,-5.2359877559829882e-1,-8.7266462599716474e-2,7.1733063000000000e-2,-1.6057036000000000e-2,-6.2831880000001294e-1,-4.5378580000000990e-1,none,none,13,0,4.1599999997288251e-4,8.3750000000009095e-3,5.9837500000003274e-1,5.9683299999994688e-1,,,6.6700000002128945e-4,8.6669999999458014e-3
420,7,7,1400,scan,0,0,,,,,,,,,,389,-5.2359877559829882e-1,-8.7266462599716474e-2,6.1959214999999998e-2,-2.3387421999999998e-2,-6.9813200000001341e-1,-4.8869240000001052e-1,none,none,14,0,5.8300000000599539e-4,7.9580000000305517e-3,8.2604200000002947e-1,8.2187499999997726e-1,,,1.0829999999941720e-3,1.2124999999969077e-2
